# ============================================================================	
# 14C Atmospheric Recharge Chronicle (Northern Hemisphere (Zone 2))	
# ============================================================================	
#	
# Tracer: 14C	
# Unit: pmC	
#	
# Data Source: TracerLPM workbook (StoredTracerData sheet)	
# Reference: Workbook: TracerLPM_V_1_0_Example2.xlsm	
# Citation: Pre-bomb: IntCal09 (Reimer et al., 2009)	 Post-bomb: Hua et al. (2021) as distributed via CALIBomb/IntCal package
#	
# Temporal Coverage: -48050.0 - 2020.0	
# Temporal Resolution: Pre-1950: 0.5 years (semi-annual)	 1950+: 1 year (annual mean of monthly data)
# Number of Records: 3771	
#	
# Notes:	
# - Pre-1950 values are from the workbook's stored pre-bomb calibration curves (NH_IntCal09 / SH_IntCal04).	
# - 1950+ values are from the workbook's stored post-bomb atmospheric curve (NH zone 2 for NH	 Southern Hemisphere curve for SH).
# - Post-bomb data in the workbook are stored at monthly resolution	 here they are aggregated to annual means (no monthly output).
# - Units are pmC (percent modern carbon), i.e. 100 Ã— F14C.	
# - Northern Hemisphere curve corresponds to NH zone 2 in CALIBomb/IntCal conventions.	
#	
# Contact: https://github.com/dreuzy/PyAges/discussions
# ============================================================================	
2020.0,95.21036804	
2019.0,95.53729101	
2018.0,96.13794294	
2017.0,96.74237121	
2016.0,97.35059959	
2015.0,97.96265195	
2014.0,98.57855234	
2013.0,99.19832496	
2012.0,99.82199414	
2011.0,100.44958439	
2010.0,101.08112037	
2009.0,101.71662686	
2008.0,102.35612885	
2007.0,102.99965144	
2006.0,103.64721993	
2005.0,104.29885973	
2004.0,104.95459646	
2003.0,105.61445586	
2002.0,106.27846387	
2001.0,106.94664655	
2000.0,107.61903016	
1999.0,108.36846691	
1998.0,108.97650598	
1997.0,109.65758153	
1996.0,110.26805206	
1995.0,111.1251037	
1994.0,111.73615195	
1993.0,112.35729646	
1992.0,113.26210305	
1991.0,113.7675206	
1990.0,114.96382613	
1989.0,116.07496832	
1988.0,117.03540873	
1987.0,118.00192445	
1986.0,118.71063099	
1985.0,119.82939612	
1984.0,121.19488977	
1983.0,122.62882205	
1982.0,123.87381416	
1981.0,125.47106841	
1980.0,126.52158386	
1979.0,129.13680487	
1978.0,132.04326284	
1977.0,133.01604202	
1976.0,134.65940212	
1975.0,138.1225469	
1974.0,141.04899767	
1973.0,143.47001497	
1972.0,147.29451737	
1971.0,150.04686627	
1970.0,153.01770655	
1969.0,155.12544568	
1968.0,156.46498722	
1967.0,161.53617085	
1966.0,167.01729697	
1965.0,173.78901409	
1964.0,179.63884575	
1963.0,168.92911772	
1962.0,136.03998437	
1961.0,123.91965353	
1960.0,123.07111817	
1959.0,122.84743595	
1958.0,117.9301514	
1957.0,108.98853384	
1956.0,104.88043941	
1955.0,101.25880744	
1954.0,99.37225111	
1953.0,98.96039884	
1952.0,98.55063234	
1951.0,98.14180804	
1950.0,97.73505539	
1949.5,97.75	
1949.0,97.75	
1948.5,97.75	
1948.0,97.75	
1947.5,97.75	
1947.0,97.75	
1946.5,97.75	
1946.0,97.75	
1945.5,97.75	
1945.0,97.75	
1944.5,98	
1944.0,98	
1943.5,98	
1943.0,98	
1942.5,98	
1942.0,98	
1941.5,98	
1941.0,98	
1940.5,98	
1940.0,98	
1939.5,98.28	
1939.0,98.28	
1938.5,98.28	
1938.0,98.28	
1937.5,98.28	
1937.0,98.28	
1936.5,98.28	
1936.0,98.28	
1935.5,98.28	
1935.0,98.28	
1934.5,98.36	
1934.0,98.36	
1933.5,98.36	
1933.0,98.36	
1932.5,98.36	
1932.0,98.36	
1931.5,98.36	
1931.0,98.36	
1930.5,98.36	
1930.0,98.36	
1929.5,98.67	
1929.0,98.67	
1928.5,98.67	
1928.0,98.67	
1927.5,98.67	
1927.0,98.67	
1926.5,98.67	
1926.0,98.67	
1925.5,98.67	
1925.0,98.67	
1924.5,98.76	
1924.0,98.76	
1923.5,98.76	
1923.0,98.76	
1922.5,98.76	
1922.0,98.76	
1921.5,98.76	
1921.0,98.76	
1920.5,98.76	
1920.0,98.76	
1919.5,99.13	
1919.0,99.13	
1918.5,99.13	
1918.0,99.13	
1917.5,99.13	
1917.0,99.13	
1916.5,99.13	
1916.0,99.13	
1915.5,99.13	
1915.0,99.13	
1914.5,99.25	
1914.0,99.25	
1913.5,99.25	
1913.0,99.25	
1912.5,99.25	
1912.0,99.25	
1911.5,99.25	
1911.0,99.25	
1910.5,99.25	
1910.0,99.25	
1909.5,99.5	
1909.0,99.5	
1908.5,99.5	
1908.0,99.5	
1907.5,99.5	
1907.0,99.5	
1906.5,99.5	
1906.0,99.5	
1905.5,99.5	
1905.0,99.5	
1904.5,99.73	
1904.0,99.73	
1903.5,99.73	
1903.0,99.73	
1902.5,99.73	
1902.0,99.73	
1901.5,99.73	
1901.0,99.73	
1900.5,99.73	
1900.0,99.73	
1899.5,99.69	
1899.0,99.69	
1898.5,99.69	
1898.0,99.69	
1897.5,99.69	
1897.0,99.69	
1896.5,99.69	
1896.0,99.69	
1895.5,99.69	
1895.0,99.69	
1894.5,99.51	
1894.0,99.51	
1893.5,99.51	
1893.0,99.51	
1892.5,99.51	
1892.0,99.51	
1891.5,99.51	
1891.0,99.51	
1890.5,99.51	
1890.0,99.51	
1889.5,99.52	
1889.0,99.52	
1888.5,99.52	
1888.0,99.52	
1887.5,99.52	
1887.0,99.52	
1886.5,99.52	
1886.0,99.52	
1885.5,99.52	
1885.0,99.52	
1884.5,99.55	
1884.0,99.55	
1883.5,99.55	
1883.0,99.55	
1882.5,99.55	
1882.0,99.55	
1881.5,99.55	
1881.0,99.55	
1880.5,99.55	
1880.0,99.55	
1879.5,99.42	
1879.0,99.42	
1878.5,99.42	
1878.0,99.42	
1877.5,99.42	
1877.0,99.42	
1876.5,99.42	
1876.0,99.42	
1875.5,99.42	
1875.0,99.42	
1874.5,99.55	
1874.0,99.55	
1873.5,99.55	
1873.0,99.55	
1872.5,99.55	
1872.0,99.55	
1871.5,99.55	
1871.0,99.55	
1870.5,99.55	
1870.0,99.55	
1869.5,99.5	
1869.0,99.5	
1868.5,99.5	
1868.0,99.5	
1867.5,99.5	
1867.0,99.5	
1866.5,99.5	
1866.0,99.5	
1865.5,99.5	
1865.0,99.5	
1864.5,99.61	
1864.0,99.61	
1863.5,99.61	
1863.0,99.61	
1862.5,99.61	
1862.0,99.61	
1861.5,99.61	
1861.0,99.61	
1860.5,99.61	
1860.0,99.61	
1859.5,99.62	
1859.0,99.62	
1858.5,99.62	
1858.0,99.62	
1857.5,99.62	
1857.0,99.62	
1856.5,99.62	
1856.0,99.62	
1855.5,99.62	
1855.0,99.62	
1854.5,99.8	
1854.0,99.8	
1853.5,99.8	
1853.0,99.8	
1852.5,99.8	
1852.0,99.8	
1851.5,99.8	
1851.0,99.8	
1850.5,99.8	
1850.0,99.8	
1845.0,99.85	
1840.0,99.81	
1835.0,99.98	
1830.0,100.28	
1825.0,100.23	
1820.0,100.3	
1815.0,100.26	
1810.0,100.05	
1805.0,99.85	
1800.0,99.71	
1795.0,99.23	
1790.0,99.21	
1785.0,99.31	
1780.0,99.75	
1775.0,100.04	
1770.0,99.99	
1765.0,100.1	
1760.0,100.37	
1755.0,100.36	
1750.0,100.38	
1745.0,100.45	
1740.0,100.46	
1735.0,100.71	
1730.0,100.97	
1725.0,101.34	
1720.0,101.5	
1715.0,101.71	
1710.0,101.72	
1705.0,101.67	
1700.0,101.76	
1695.0,101.63	
1690.0,101.5	
1685.0,101.46	
1680.0,101.18	
1675.0,101.14	
1670.0,101.15	
1665.0,100.77	
1660.0,100.61	
1655.0,100.6	
1650.0,100.51	
1645.0,100.29	
1640.0,100.03	
1635.0,100.01	
1630.0,99.79	
1625.0,99.8	
1620.0,99.83	
1615.0,99.65	
1610.0,99.64	
1605.0,99.58	
1600.0,99.93	
1595.0,100.02	
1590.0,100.22	
1585.0,100.3	
1580.0,100.31	
1575.0,100.39	
1570.0,100.55	
1565.0,100.63	
1560.0,100.62	
1555.0,100.85	
1550.0,100.98	
1545.0,101.03	
1540.0,101.13	
1535.0,101.24	
1530.0,101.28	
1525.0,101.15	
1520.0,101.01	
1515.0,100.97	
1510.0,100.93	
1505.0,101.02	
1500.0,101.09	
1495.0,101.13	
1490.0,101.1	
1485.0,101.05	
1480.0,101.06	
1475.0,101.1	
1470.0,101.07	
1465.0,101.03	
1460.0,101.04	
1455.0,101.04	
1450.0,100.89	
1445.0,100.66	
1440.0,100.46	
1435.0,100.29	
1430.0,100.18	
1425.0,100.1	
1420.0,100.03	
1415.0,99.92	
1410.0,99.77	
1405.0,99.62	
1400.0,99.53	
1395.0,99.46	
1390.0,99.26	
1385.0,99.02	
1380.0,98.86	
1375.0,98.83	
1370.0,98.97	
1365.0,99.2	
1360.0,99.41	
1355.0,99.59	
1350.0,99.78	
1345.0,99.96	
1340.0,100.15	
1335.0,100.28	
1330.0,100.29	
1325.0,100.23	
1320.0,100.14	
1315.0,100.06	
1310.0,100.01	
1305.0,99.96	
1300.0,99.87	
1295.0,99.73	
1290.0,99.59	
1285.0,99.44	
1280.0,99.22	
1275.0,99	
1270.0,98.86	
1265.0,98.76	
1260.0,98.61	
1255.0,98.5	
1250.0,98.5	
1245.0,98.58	
1240.0,98.63	
1235.0,98.67	
1230.0,98.76	
1225.0,98.79	
1220.0,98.66	
1215.0,98.46	
1210.0,98.33	
1205.0,98.28	
1200.0,98.36	
1195.0,98.46	
1190.0,98.51	
1185.0,98.52	
1180.0,98.54	
1175.0,98.57	
1170.0,98.59	
1165.0,98.58	
1160.0,98.48	
1155.0,98.3	
1150.0,98.11	
1145.0,97.99	
1140.0,98.15	
1135.0,98.39	
1130.0,98.49	
1125.0,98.49	
1120.0,98.38	
1115.0,98.29	
1110.0,98.36	
1105.0,98.49	
1100.0,98.58	
1095.0,98.66	
1090.0,98.77	
1085.0,98.91	
1080.0,99.08	
1075.0,99.23	
1070.0,99.29	
1065.0,99.35	
1060.0,99.43	
1055.0,99.45	
1050.0,99.37	
1045.0,99.26	
1040.0,99.2	
1035.0,99.15	
1030.0,99.06	
1025.0,98.92	
1020.0,98.65	
1015.0,98.39	
1010.0,98.36	
1005.0,98.46	
1000.0,98.54	
995.0,98.57	
990.0,98.45	
985.0,98.32	
980.0,98.27	
975.0,98.25	
970.0,98.18	
965.0,98.09	
960.0,98.11	
955.0,98.19	
950.0,98.23	
945.0,98.24	
940.0,98.22	
935.0,98.19	
930.0,98.21	
925.0,98.33	
920.0,98.54	
915.0,98.78	
910.0,98.94	
905.0,98.98	
900.0,98.88	
895.0,98.69	
890.0,98.51	
885.0,98.34	
880.0,98.27	
875.0,98.26	
870.0,98.27	
865.0,98.29	
860.0,98.31	
855.0,98.32	
850.0,98.37	
845.0,98.45	
840.0,98.57	
835.0,98.68	
830.0,98.73	
825.0,98.74	
820.0,98.79	
815.0,98.84	
810.0,98.86	
805.0,98.84	
800.0,98.82	
795.0,98.85	
790.0,99.07	
785.0,99.27	
780.0,99.14	
775.0,98.85	
770.0,98.64	
765.0,98.49	
760.0,98.41	
755.0,98.43	
750.0,98.59	
745.0,98.81	
740.0,99.01	
735.0,99.15	
730.0,99.21	
725.0,99.22	
720.0,99.21	
715.0,99.2	
710.0,99.18	
705.0,99.19	
700.0,99.28	
695.0,99.35	
690.0,99.3	
685.0,99.18	
680.0,99.13	
675.0,99.11	
670.0,99.02	
665.0,98.89	
660.0,98.74	
655.0,98.56	
650.0,98.39	
645.0,98.22	
640.0,98.1	
635.0,98.05	
630.0,98.07	
625.0,98.14	
620.0,98.18	
615.0,98.19	
610.0,98.18	
605.0,98.13	
600.0,98.05	
595.0,97.99	
590.0,98	
585.0,98.06	
580.0,98.08	
575.0,98.09	
570.0,98.08	
565.0,98.05	
560.0,98.02	
555.0,98.02	
550.0,98.03	
545.0,98.01	
540.0,97.87	
535.0,97.69	
530.0,97.55	
525.0,97.5	
520.0,97.6	
515.0,97.74	
510.0,97.78	
505.0,97.75	
500.0,97.77	
495.0,97.86	
490.0,98	
485.0,98.16	
480.0,98.29	
475.0,98.39	
470.0,98.43	
465.0,98.44	
460.0,98.47	
455.0,98.53	
450.0,98.6	
445.0,98.68	
440.0,98.69	
435.0,98.64	
430.0,98.52	
425.0,98.37	
420.0,98.27	
415.0,98.21	
410.0,98.13	
405.0,98.08	
400.0,98.07	
395.0,98.07	
390.0,98.04	
385.0,97.99	
380.0,97.91	
375.0,97.89	
370.0,97.98	
365.0,98.13	
360.0,98.2	
355.0,98.23	
350.0,98.26	
345.0,98.26	
340.0,98.22	
335.0,98.15	
330.0,98.13	
325.0,98.1	
320.0,98.03	
315.0,97.96	
310.0,97.96	
305.0,98.05	
300.0,98.2	
295.0,98.37	
290.0,98.44	
285.0,98.49	
280.0,98.65	
275.0,98.83	
270.0,98.95	
265.0,98.99	
260.0,98.84	
255.0,98.63	
250.0,98.58	
245.0,98.56	
240.0,98.46	
235.0,98.34	
230.0,98.29	
225.0,98.29	
220.0,98.27	
215.0,98.26	
210.0,98.23	
205.0,98.23	
200.0,98.29	
195.0,98.4	
190.0,98.51	
185.0,98.6	
180.0,98.65	
175.0,98.67	
170.0,98.71	
165.0,98.75	
160.0,98.8	
155.0,98.88	
150.0,98.95	
145.0,99.02	
140.0,99.07	
135.0,99.03	
130.0,98.83	
125.0,98.6	
120.0,98.52	
115.0,98.56	
110.0,98.62	
105.0,98.71	
100.0,98.86	
95.0,98.98	
90.0,98.98	
85.0,98.91	
80.0,98.84	
75.0,98.76	
70.0,98.69	
65.0,98.64	
60.0,98.62	
55.0,98.6	
50.0,98.5	
45.0,98.43	
40.0,98.58	
35.0,98.77	
30.0,98.78	
25.0,98.68	
20.0,98.61	
15.0,98.59	
10.0,98.69	
5.0,98.74	
0.0,98.55	
-5.0,98.45	
-10.0,98.65	
-15.0,98.81	
-20.0,98.77	
-25.0,98.77	
-30.0,98.91	
-35.0,98.97	
-40.0,98.83	
-45.0,98.67	
-50.0,98.56	
-55.0,98.46	
-60.0,98.43	
-65.0,98.48	
-70.0,98.58	
-75.0,98.7	
-80.0,98.84	
-85.0,98.88	
-90.0,98.8	
-95.0,98.78	
-100.0,98.83	
-105.0,98.86	
-110.0,98.85	
-115.0,98.82	
-120.0,98.78	
-125.0,98.82	
-130.0,98.95	
-135.0,99.1	
-140.0,99.21	
-145.0,99.27	
-150.0,99.31	
-155.0,99.34	
-160.0,99.33	
-165.0,99.28	
-170.0,99.2	
-175.0,99.12	
-180.0,99.12	
-185.0,99.15	
-190.0,99.21	
-195.0,99.2	
-200.0,99.05	
-205.0,98.85	
-210.0,98.65	
-215.0,98.61	
-220.0,98.8	
-225.0,98.93	
-230.0,98.8	
-235.0,98.68	
-240.0,98.74	
-245.0,98.85	
-250.0,98.95	
-255.0,98.98	
-260.0,98.92	
-265.0,98.89	
-270.0,99	
-275.0,99.15	
-280.0,99.24	
-285.0,99.37	
-290.0,99.52	
-295.0,99.7	
-300.0,99.81	
-305.0,99.9	
-310.0,99.98	
-315.0,100.09	
-320.0,100.25	
-325.0,100.41	
-330.0,100.51	
-335.0,100.57	
-340.0,100.6	
-345.0,100.55	
-350.0,100.39	
-355.0,100.21	
-360.0,100.08	
-365.0,100.02	
-370.0,100.03	
-375.0,100.03	
-380.0,99.98	
-385.0,99.85	
-390.0,99.66	
-395.0,99.41	
-400.0,99.13	
-405.0,98.84	
-410.0,98.61	
-415.0,98.47	
-420.0,98.47	
-425.0,98.52	
-430.0,98.56	
-435.0,98.64	
-440.0,98.76	
-445.0,98.84	
-450.0,98.86	
-455.0,98.9	
-460.0,98.98	
-465.0,99.09	
-470.0,99.21	
-475.0,99.3	
-480.0,99.3	
-485.0,99.3	
-490.0,99.34	
-495.0,99.42	
-500.0,99.48	
-505.0,99.52	
-510.0,99.52	
-515.0,99.5	
-520.0,99.43	
-525.0,99.43	
-530.0,99.54	
-535.0,99.6	
-540.0,99.51	
-545.0,99.4	
-550.0,99.35	
-555.0,99.35	
-560.0,99.39	
-565.0,99.44	
-570.0,99.48	
-575.0,99.54	
-580.0,99.67	
-585.0,99.76	
-590.0,99.74	
-595.0,99.69	
-600.0,99.66	
-605.0,99.71	
-610.0,99.86	
-615.0,99.99	
-620.0,100.03	
-625.0,100.04	
-630.0,100.1	
-635.0,100.2	
-640.0,100.31	
-645.0,100.48	
-650.0,100.74	
-655.0,100.92	
-660.0,100.84	
-665.0,100.64	
-670.0,100.37	
-675.0,100.25	
-680.0,100.45	
-685.0,100.81	
-690.0,101.22	
-695.0,101.5	
-700.0,101.56	
-705.0,101.57	
-710.0,101.63	
-715.0,101.69	
-720.0,101.74	
-725.0,101.76	
-730.0,101.72	
-735.0,101.68	
-740.0,101.71	
-745.0,101.71	
-750.0,101.62	
-755.0,101.54	
-760.0,101.47	
-765.0,101.37	
-770.0,101.25	
-775.0,101.19	
-780.0,101.19	
-785.0,101.19	
-790.0,101.06	
-795.0,100.84	
-800.0,100.6	
-805.0,100.4	
-810.0,100.24	
-815.0,100.14	
-820.0,100.12	
-825.0,100.11	
-830.0,100.04	
-835.0,99.95	
-840.0,99.9	
-845.0,99.84	
-850.0,99.84	
-855.0,99.9	
-860.0,99.95	
-865.0,100.01	
-870.0,100.09	
-875.0,100.19	
-880.0,100.32	
-885.0,100.42	
-890.0,100.42	
-895.0,100.36	
-900.0,100.26	
-905.0,100.17	
-910.0,100.13	
-915.0,100.1	
-920.0,100.05	
-925.0,100.01	
-930.0,99.98	
-935.0,99.97	
-940.0,99.93	
-945.0,99.93	
-950.0,99.98	
-955.0,100.11	
-960.0,100.32	
-965.0,100.48	
-970.0,100.42	
-975.0,100.28	
-980.0,100.26	
-985.0,100.34	
-990.0,100.41	
-995.0,100.46	
-1000.0,100.42	
-1005.0,100.36	
-1010.0,100.27	
-1015.0,100.2	
-1020.0,100.2	
-1025.0,100.24	
-1030.0,100.28	
-1035.0,100.36	
-1040.0,100.41	
-1045.0,100.43	
-1050.0,100.35	
-1055.0,100.25	
-1060.0,100.27	
-1065.0,100.38	
-1070.0,100.44	
-1075.0,100.49	
-1080.0,100.55	
-1085.0,100.6	
-1090.0,100.63	
-1095.0,100.67	
-1100.0,100.78	
-1105.0,100.88	
-1110.0,100.92	
-1115.0,100.88	
-1120.0,100.84	
-1125.0,100.76	
-1130.0,100.56	
-1135.0,100.4	
-1140.0,100.56	
-1145.0,100.83	
-1150.0,100.92	
-1155.0,100.92	
-1160.0,100.9	
-1165.0,100.93	
-1170.0,100.97	
-1175.0,101.07	
-1180.0,101.23	
-1185.0,101.35	
-1190.0,101.28	
-1195.0,101.18	
-1200.0,101.25	
-1205.0,101.36	
-1210.0,101.3	
-1215.0,101.15	
-1220.0,101.09	
-1225.0,101.14	
-1230.0,101.27	
-1235.0,101.43	
-1240.0,101.59	
-1245.0,101.68	
-1250.0,101.73	
-1255.0,101.69	
-1260.0,101.53	
-1265.0,101.38	
-1270.0,101.34	
-1275.0,101.39	
-1280.0,101.49	
-1285.0,101.59	
-1290.0,101.6	
-1295.0,101.58	
-1300.0,101.6	
-1305.0,101.61	
-1310.0,101.58	
-1315.0,101.5	
-1320.0,101.37	
-1325.0,101.28	
-1330.0,101.36	
-1335.0,101.53	
-1340.0,101.72	
-1345.0,101.87	
-1350.0,101.95	
-1355.0,102.01	
-1360.0,102.12	
-1365.0,102.21	
-1370.0,102.17	
-1375.0,102.08	
-1380.0,102.05	
-1385.0,102.02	
-1390.0,101.96	
-1395.0,101.9	
-1400.0,101.91	
-1405.0,101.93	
-1410.0,101.82	
-1415.0,101.69	
-1420.0,101.65	
-1425.0,101.65	
-1430.0,101.57	
-1435.0,101.46	
-1440.0,101.43	
-1445.0,101.44	
-1450.0,101.4	
-1455.0,101.35	
-1460.0,101.32	
-1465.0,101.33	
-1470.0,101.4	
-1475.0,101.52	
-1480.0,101.68	
-1485.0,101.8	
-1490.0,101.78	
-1495.0,101.61	
-1500.0,101.44	
-1505.0,101.38	
-1510.0,101.43	
-1515.0,101.44	
-1520.0,101.38	
-1525.0,101.31	
-1530.0,101.2	
-1535.0,101.11	
-1540.0,101.09	
-1545.0,101.15	
-1550.0,101.27	
-1555.0,101.35	
-1560.0,101.34	
-1565.0,101.36	
-1570.0,101.47	
-1575.0,101.6	
-1580.0,101.67	
-1585.0,101.75	
-1590.0,101.9	
-1595.0,102.02	
-1600.0,102.05	
-1605.0,101.94	
-1610.0,101.83	
-1615.0,101.75	
-1620.0,101.7	
-1625.0,101.66	
-1630.0,101.62	
-1635.0,101.6	
-1640.0,101.59	
-1645.0,101.59	
-1650.0,101.71	
-1655.0,101.86	
-1660.0,101.87	
-1665.0,101.83	
-1670.0,101.86	
-1675.0,101.94	
-1680.0,101.99	
-1685.0,101.91	
-1690.0,101.71	
-1695.0,101.52	
-1700.0,101.5	
-1705.0,101.6	
-1710.0,101.75	
-1715.0,101.92	
-1720.0,102.08	
-1725.0,102.15	
-1730.0,102.15	
-1735.0,102.09	
-1740.0,101.94	
-1745.0,101.82	
-1750.0,101.71	
-1755.0,101.67	
-1760.0,101.72	
-1765.0,101.8	
-1770.0,101.76	
-1775.0,101.64	
-1780.0,101.55	
-1785.0,101.52	
-1790.0,101.58	
-1795.0,101.72	
-1800.0,101.91	
-1805.0,102.06	
-1810.0,102.08	
-1815.0,102.04	
-1820.0,102.04	
-1825.0,102.07	
-1830.0,102.04	
-1835.0,102.05	
-1840.0,102.26	
-1845.0,102.53	
-1850.0,102.72	
-1855.0,102.82	
-1860.0,102.86	
-1865.0,102.84	
-1870.0,102.82	
-1875.0,102.74	
-1880.0,102.58	
-1885.0,102.4	
-1890.0,102.3	
-1895.0,102.25	
-1900.0,102.26	
-1905.0,102.31	
-1910.0,102.34	
-1915.0,102.37	
-1920.0,102.36	
-1925.0,102.35	
-1930.0,102.39	
-1935.0,102.43	
-1940.0,102.39	
-1945.0,102.37	
-1950.0,102.34	
-1955.0,102.3	
-1960.0,102.32	
-1965.0,102.35	
-1970.0,102.42	
-1975.0,102.45	
-1980.0,102.29	
-1985.0,102.25	
-1990.0,102.35	
-1995.0,102.51	
-2000.0,102.73	
-2005.0,102.84	
-2010.0,102.83	
-2015.0,102.76	
-2020.0,102.76	
-2025.0,102.71	
-2030.0,102.6	
-2035.0,102.45	
-2040.0,102.37	
-2045.0,102.31	
-2050.0,102.3	
-2055.0,102.35	
-2060.0,102.33	
-2065.0,102.34	
-2070.0,102.42	
-2075.0,102.47	
-2080.0,102.59	
-2085.0,102.75	
-2090.0,102.94	
-2095.0,103.08	
-2100.0,103.25	
-2105.0,103.36	
-2110.0,103.4	
-2115.0,103.38	
-2120.0,103.37	
-2125.0,103.35	
-2130.0,103.3	
-2135.0,103.17	
-2140.0,102.95	
-2145.0,102.81	
-2150.0,102.78	
-2155.0,102.7	
-2160.0,102.86	
-2165.0,102.98	
-2170.0,103.14	
-2175.0,103.24	
-2180.0,103.45	
-2185.0,103.54	
-2190.0,103.56	
-2195.0,103.43	
-2200.0,103.23	
-2205.0,103.01	
-2210.0,102.88	
-2215.0,102.84	
-2220.0,103.05	
-2225.0,103.2	
-2230.0,103.1	
-2235.0,103.04	
-2240.0,103.13	
-2245.0,103.15	
-2250.0,103.42	
-2255.0,103.58	
-2260.0,103.75	
-2265.0,103.8	
-2270.0,103.83	
-2275.0,103.77	
-2280.0,103.72	
-2285.0,103.68	
-2290.0,103.55	
-2295.0,103.46	
-2300.0,103.39	
-2305.0,103.47	
-2310.0,103.43	
-2315.0,103.53	
-2320.0,103.58	
-2325.0,103.76	
-2330.0,103.83	
-2335.0,103.82	
-2340.0,103.8	
-2345.0,103.74	
-2350.0,103.58	
-2355.0,103.64	
-2360.0,103.7	
-2365.0,103.78	
-2370.0,103.79	
-2375.0,103.91	
-2380.0,104.1	
-2385.0,104.28	
-2390.0,104.32	
-2395.0,104.38	
-2400.0,104.36	
-2405.0,104.3	
-2410.0,104.27	
-2415.0,104.33	
-2420.0,104.55	
-2425.0,104.69	
-2430.0,104.73	
-2435.0,104.71	
-2440.0,104.75	
-2445.0,104.84	
-2450.0,104.91	
-2455.0,104.93	
-2460.0,104.8	
-2465.0,104.59	
-2470.0,104.3	
-2475.0,104.05	
-2480.0,104.04	
-2485.0,104.09	
-2490.0,103.98	
-2495.0,103.86	
-2500.0,103.71	
-2505.0,103.63	
-2510.0,103.7	
-2515.0,103.95	
-2520.0,104.1	
-2525.0,104.27	
-2530.0,104.29	
-2535.0,104.53	
-2540.0,104.72	
-2545.0,104.78	
-2550.0,104.72	
-2555.0,104.81	
-2560.0,104.85	
-2565.0,104.72	
-2570.0,104.52	
-2575.0,104.38	
-2580.0,104.13	
-2585.0,104.11	
-2590.0,104.12	
-2595.0,104.33	
-2600.0,104.26	
-2605.0,104.34	
-2610.0,104.53	
-2615.0,104.62	
-2620.0,104.46	
-2625.0,104.4	
-2630.0,104.4	
-2635.0,104.32	
-2640.0,104.3	
-2645.0,104.42	
-2650.0,104.57	
-2655.0,104.7	
-2660.0,104.67	
-2665.0,104.63	
-2670.0,104.64	
-2675.0,104.61	
-2680.0,104.57	
-2685.0,104.66	
-2690.0,104.78	
-2695.0,104.76	
-2700.0,104.66	
-2705.0,104.58	
-2710.0,104.59	
-2715.0,104.62	
-2720.0,104.88	
-2725.0,105.14	
-2730.0,105.26	
-2735.0,105.34	
-2740.0,105.37	
-2745.0,105.37	
-2750.0,105.3	
-2755.0,105.26	
-2760.0,105.16	
-2765.0,105.18	
-2770.0,105.28	
-2775.0,105.33	
-2780.0,105.27	
-2785.0,105.36	
-2790.0,105.43	
-2795.0,105.45	
-2800.0,105.55	
-2805.0,105.78	
-2810.0,106.14	
-2815.0,106.53	
-2820.0,106.84	
-2825.0,107.03	
-2830.0,106.97	
-2835.0,106.75	
-2840.0,106.66	
-2845.0,106.76	
-2850.0,106.76	
-2855.0,106.76	
-2860.0,106.58	
-2865.0,106.49	
-2870.0,106.47	
-2875.0,106.29	
-2880.0,106.01	
-2885.0,105.91	
-2890.0,105.7	
-2895.0,105.54	
-2900.0,105.43	
-2905.0,105.27	
-2910.0,105.13	
-2915.0,105.02	
-2920.0,104.86	
-2925.0,104.74	
-2930.0,104.7	
-2935.0,104.7	
-2940.0,104.75	
-2945.0,104.76	
-2950.0,104.88	
-2955.0,104.95	
-2960.0,104.98	
-2965.0,105.04	
-2970.0,105.11	
-2975.0,105.16	
-2980.0,105.27	
-2985.0,105.37	
-2990.0,105.5	
-2995.0,105.62	
-3000.0,105.66	
-3005.0,105.68	
-3010.0,105.61	
-3015.0,105.61	
-3020.0,105.53	
-3025.0,105.37	
-3030.0,105.19	
-3035.0,105.23	
-3040.0,105.28	
-3045.0,105.37	
-3050.0,105.44	
-3055.0,105.51	
-3060.0,105.65	
-3065.0,105.82	
-3070.0,106.03	
-3075.0,106.16	
-3080.0,106.09	
-3085.0,105.98	
-3090.0,105.9	
-3095.0,105.73	
-3100.0,105.57	
-3105.0,105.46	
-3110.0,105.47	
-3115.0,105.51	
-3120.0,105.48	
-3125.0,105.43	
-3130.0,105.44	
-3135.0,105.44	
-3140.0,105.4	
-3145.0,105.42	
-3150.0,105.58	
-3155.0,105.8	
-3160.0,106.06	
-3165.0,106.23	
-3170.0,106.21	
-3175.0,106.19	
-3180.0,106.18	
-3185.0,106.18	
-3190.0,106.13	
-3195.0,106.05	
-3200.0,106.06	
-3205.0,106.2	
-3210.0,106.38	
-3215.0,106.63	
-3220.0,106.86	
-3225.0,106.83	
-3230.0,106.92	
-3235.0,107.07	
-3240.0,107.28	
-3245.0,107.48	
-3250.0,107.61	
-3255.0,107.75	
-3260.0,107.83	
-3265.0,107.47	
-3270.0,107.48	
-3275.0,107.71	
-3280.0,107.78	
-3285.0,107.8	
-3290.0,107.78	
-3295.0,107.95	
-3300.0,108.03	
-3305.0,108.14	
-3310.0,108.12	
-3315.0,108.13	
-3320.0,108.17	
-3325.0,108.17	
-3330.0,108.06	
-3335.0,107.97	
-3340.0,107.86	
-3345.0,107.84	
-3350.0,107.69	
-3355.0,107.58	
-3360.0,107.45	
-3365.0,107.18	
-3370.0,106.92	
-3375.0,106.59	
-3380.0,106.27	
-3385.0,106.11	
-3390.0,106.07	
-3395.0,106.26	
-3400.0,106.46	
-3405.0,106.43	
-3410.0,106.52	
-3415.0,106.6	
-3420.0,106.61	
-3425.0,106.82	
-3430.0,107.03	
-3435.0,107.23	
-3440.0,107.35	
-3445.0,107.37	
-3450.0,107.47	
-3455.0,107.56	
-3460.0,107.7	
-3465.0,107.82	
-3470.0,108.13	
-3475.0,108.34	
-3480.0,108.45	
-3485.0,108.41	
-3490.0,108.32	
-3495.0,108.15	
-3500.0,107.85	
-3505.0,107.9	
-3510.0,107.9	
-3515.0,107.87	
-3520.0,107.6	
-3525.0,107.4	
-3530.0,107.3	
-3535.0,107.19	
-3540.0,106.99	
-3545.0,106.98	
-3550.0,107.11	
-3555.0,107.31	
-3560.0,107.52	
-3565.0,107.6	
-3570.0,107.7	
-3575.0,107.69	
-3580.0,107.9	
-3585.0,108.06	
-3590.0,108.22	
-3595.0,108.3	
-3600.0,108.46	
-3605.0,108.64	
-3610.0,108.79	
-3615.0,108.93	
-3620.0,108.87	
-3625.0,108.73	
-3630.0,108.46	
-3635.0,108.05	
-3640.0,107.62	
-3645.0,107.46	
-3650.0,107.32	
-3655.0,107.12	
-3660.0,107.01	
-3665.0,106.97	
-3670.0,107.01	
-3675.0,107.06	
-3680.0,107.21	
-3685.0,107.35	
-3690.0,107.43	
-3695.0,107.28	
-3700.0,107.26	
-3705.0,107.13	
-3710.0,106.9	
-3715.0,106.77	
-3720.0,106.79	
-3725.0,106.98	
-3730.0,107.03	
-3735.0,107.08	
-3740.0,107.16	
-3745.0,107.33	
-3750.0,107.34	
-3755.0,107.43	
-3760.0,107.4	
-3765.0,107.39	
-3770.0,107.4	
-3775.0,107.33	
-3780.0,107.33	
-3785.0,107.31	
-3790.0,107.27	
-3795.0,107.19	
-3800.0,106.99	
-3805.0,106.85	
-3810.0,106.8	
-3815.0,106.76	
-3820.0,106.78	
-3825.0,106.79	
-3830.0,106.87	
-3835.0,106.97	
-3840.0,107.07	
-3845.0,107.08	
-3850.0,107.07	
-3855.0,107.23	
-3860.0,107.44	
-3865.0,107.5	
-3870.0,107.57	
-3875.0,107.79	
-3880.0,108.09	
-3885.0,108.31	
-3890.0,108.35	
-3895.0,108.25	
-3900.0,108.34	
-3905.0,108.38	
-3910.0,108.33	
-3915.0,108.36	
-3920.0,108.44	
-3925.0,108.51	
-3930.0,108.52	
-3935.0,108.46	
-3940.0,108.37	
-3945.0,108.26	
-3950.0,108.16	
-3955.0,108.04	
-3960.0,107.86	
-3965.0,107.69	
-3970.0,107.54	
-3975.0,107.43	
-3980.0,107.35	
-3985.0,107.28	
-3990.0,107.22	
-3995.0,107.14	
-4000.0,107.04	
-4005.0,107.02	
-4010.0,107.11	
-4015.0,107.28	
-4020.0,107.5	
-4025.0,107.69	
-4030.0,107.8	
-4035.0,107.75	
-4040.0,107.51	
-4045.0,107.24	
-4050.0,107.05	
-4055.0,106.96	
-4060.0,106.98	
-4065.0,107.02	
-4070.0,107.02	
-4075.0,106.96	
-4080.0,106.93	
-4085.0,106.92	
-4090.0,107.08	
-4095.0,107.18	
-4100.0,107.37	
-4105.0,107.46	
-4110.0,107.52	
-4115.0,107.5	
-4120.0,107.47	
-4125.0,107.51	
-4130.0,107.82	
-4135.0,108.12	
-4140.0,108.21	
-4145.0,108.24	
-4150.0,108.22	
-4155.0,108.19	
-4160.0,108.2	
-4165.0,108.17	
-4170.0,108.08	
-4175.0,108	
-4180.0,107.95	
-4185.0,107.99	
-4190.0,108.12	
-4195.0,108.32	
-4200.0,108.54	
-4205.0,108.78	
-4210.0,109.01	
-4215.0,109.16	
-4220.0,109.14	
-4225.0,108.98	
-4230.0,108.7	
-4235.0,108.44	
-4240.0,108.31	
-4245.0,108.29	
-4250.0,108.36	
-4255.0,108.37	
-4260.0,108.26	
-4265.0,108.1	
-4270.0,107.95	
-4275.0,107.92	
-4280.0,108.04	
-4285.0,108.24	
-4290.0,108.44	
-4295.0,108.64	
-4300.0,108.81	
-4305.0,108.93	
-4310.0,108.97	
-4315.0,108.96	
-4320.0,108.87	
-4325.0,108.72	
-4330.0,108.5	
-4335.0,108.28	
-4340.0,108.11	
-4345.0,107.94	
-4350.0,107.81	
-4355.0,107.67	
-4360.0,107.55	
-4365.0,107.43	
-4370.0,107.35	
-4375.0,107.24	
-4380.0,107.36	
-4385.0,107.47	
-4390.0,107.57	
-4395.0,107.59	
-4400.0,107.59	
-4405.0,107.53	
-4410.0,107.57	
-4415.0,107.7	
-4420.0,107.93	
-4425.0,108.13	
-4430.0,108.22	
-4435.0,108.27	
-4440.0,108.29	
-4445.0,108.2	
-4450.0,107.99	
-4455.0,107.81	
-4460.0,107.54	
-4465.0,107.46	
-4470.0,107.56	
-4475.0,107.63	
-4480.0,107.76	
-4485.0,107.78	
-4490.0,107.73	
-4495.0,107.66	
-4500.0,107.58	
-4505.0,107.56	
-4510.0,107.67	
-4515.0,107.72	
-4520.0,107.73	
-4525.0,107.77	
-4530.0,107.79	
-4535.0,107.79	
-4540.0,107.76	
-4545.0,107.6	
-4550.0,107.45	
-4555.0,107.42	
-4560.0,107.47	
-4565.0,107.54	
-4570.0,107.63	
-4575.0,107.72	
-4580.0,107.76	
-4585.0,107.77	
-4590.0,107.81	
-4595.0,107.86	
-4600.0,107.86	
-4605.0,107.87	
-4610.0,107.86	
-4615.0,107.83	
-4620.0,107.73	
-4625.0,107.7	
-4630.0,107.81	
-4635.0,107.98	
-4640.0,108.14	
-4645.0,108.27	
-4650.0,108.29	
-4655.0,108.24	
-4660.0,108.36	
-4665.0,108.44	
-4670.0,108.45	
-4675.0,108.55	
-4680.0,108.57	
-4685.0,108.46	
-4690.0,108.22	
-4695.0,108.24	
-4700.0,108.32	
-4705.0,108.33	
-4710.0,108.21	
-4715.0,108.15	
-4720.0,108.04	
-4725.0,107.87	
-4730.0,107.74	
-4735.0,107.9	
-4740.0,107.97	
-4745.0,107.95	
-4750.0,108.01	
-4755.0,108.18	
-4760.0,108.3	
-4765.0,108.31	
-4770.0,108.27	
-4775.0,108.35	
-4780.0,108.33	
-4785.0,108.28	
-4790.0,108.17	
-4795.0,108.04	
-4800.0,107.99	
-4805.0,107.97	
-4810.0,107.92	
-4815.0,108.2	
-4820.0,108.32	
-4825.0,108.33	
-4830.0,108.26	
-4835.0,108.26	
-4840.0,108.17	
-4845.0,108.05	
-4850.0,107.91	
-4855.0,107.82	
-4860.0,107.76	
-4865.0,108.11	
-4870.0,108.3	
-4875.0,108.36	
-4880.0,108.41	
-4885.0,108.4	
-4890.0,108.55	
-4895.0,108.52	
-4900.0,108.43	
-4905.0,108.47	
-4910.0,108.43	
-4915.0,108.44	
-4920.0,108.56	
-4925.0,108.68	
-4930.0,108.72	
-4935.0,108.61	
-4940.0,108.58	
-4945.0,108.46	
-4950.0,108.44	
-4955.0,108.49	
-4960.0,108.51	
-4965.0,108.54	
-4970.0,108.62	
-4975.0,108.7	
-4980.0,108.75	
-4985.0,108.77	
-4990.0,108.74	
-4995.0,108.69	
-5000.0,108.57	
-5005.0,108.52	
-5010.0,108.55	
-5015.0,108.62	
-5020.0,108.66	
-5025.0,108.68	
-5030.0,108.7	
-5035.0,108.73	
-5040.0,108.76	
-5045.0,108.76	
-5050.0,108.73	
-5055.0,108.6	
-5060.0,108.58	
-5065.0,108.55	
-5070.0,108.52	
-5075.0,108.48	
-5080.0,108.43	
-5085.0,108.43	
-5090.0,108.55	
-5095.0,108.67	
-5100.0,108.72	
-5105.0,108.8	
-5110.0,108.94	
-5115.0,109	
-5120.0,108.96	
-5125.0,109.01	
-5130.0,109.14	
-5135.0,109.2	
-5140.0,109.17	
-5145.0,109.3	
-5150.0,109.38	
-5155.0,109.43	
-5160.0,109.51	
-5165.0,109.64	
-5170.0,109.8	
-5175.0,109.93	
-5180.0,110.2	
-5185.0,110.35	
-5190.0,110.38	
-5195.0,110.35	
-5200.0,110.29	
-5205.0,110.15	
-5210.0,109.86	
-5215.0,109.53	
-5220.0,109.27	
-5225.0,109.16	
-5230.0,109.08	
-5235.0,109.09	
-5240.0,109.2	
-5245.0,109.3	
-5250.0,109.41	
-5255.0,109.49	
-5260.0,109.56	
-5265.0,109.64	
-5270.0,109.79	
-5275.0,109.92	
-5280.0,109.99	
-5285.0,110	
-5290.0,110.01	
-5295.0,109.97	
-5300.0,109.83	
-5305.0,109.65	
-5310.0,109.52	
-5315.0,109.43	
-5320.0,109.25	
-5325.0,109.08	
-5330.0,109.1	
-5335.0,109.19	
-5340.0,109.23	
-5345.0,109.25	
-5350.0,109.33	
-5355.0,109.4	
-5360.0,109.4	
-5365.0,109.33	
-5370.0,109.2	
-5375.0,109.09	
-5380.0,109.02	
-5385.0,108.98	
-5390.0,108.94	
-5395.0,108.93	
-5400.0,109.1	
-5405.0,109.32	
-5410.0,109.49	
-5415.0,109.57	
-5420.0,109.56	
-5425.0,109.53	
-5430.0,109.59	
-5435.0,109.68	
-5440.0,109.79	
-5445.0,109.92	
-5450.0,110.1	
-5455.0,110.23	
-5460.0,110.25	
-5465.0,110.09	
-5470.0,109.79	
-5475.0,109.41	
-5480.0,109.04	
-5485.0,108.75	
-5490.0,108.64	
-5495.0,108.68	
-5500.0,108.79	
-5505.0,108.89	
-5510.0,108.88	
-5515.0,108.82	
-5520.0,108.82	
-5525.0,108.83	
-5530.0,108.8	
-5535.0,108.75	
-5540.0,108.74	
-5545.0,108.76	
-5550.0,108.81	
-5555.0,108.82	
-5560.0,108.68	
-5565.0,108.52	
-5570.0,108.43	
-5575.0,108.43	
-5580.0,108.51	
-5585.0,108.69	
-5590.0,108.95	
-5595.0,109.22	
-5600.0,109.34	
-5605.0,109.33	
-5610.0,109.21	
-5615.0,109.01	
-5620.0,108.79	
-5625.0,108.58	
-5630.0,108.41	
-5635.0,108.29	
-5640.0,108.17	
-5645.0,108.08	
-5650.0,108.16	
-5655.0,108.25	
-5660.0,108.2	
-5665.0,108.06	
-5670.0,107.98	
-5675.0,107.94	
-5680.0,107.99	
-5685.0,108.08	
-5690.0,108.19	
-5695.0,108.27	
-5700.0,108.33	
-5705.0,108.34	
-5710.0,108.29	
-5715.0,108.19	
-5720.0,108.07	
-5725.0,107.93	
-5730.0,107.8	
-5735.0,107.67	
-5740.0,107.58	
-5745.0,107.52	
-5750.0,107.49	
-5755.0,107.49	
-5760.0,107.53	
-5765.0,107.58	
-5770.0,107.62	
-5775.0,107.64	
-5780.0,107.67	
-5785.0,107.69	
-5790.0,107.71	
-5795.0,107.72	
-5800.0,107.76	
-5805.0,107.81	
-5810.0,107.79	
-5815.0,107.79	
-5820.0,107.87	
-5825.0,107.99	
-5830.0,108.09	
-5835.0,108.1	
-5840.0,107.97	
-5845.0,107.76	
-5850.0,107.75	
-5855.0,107.84	
-5860.0,107.95	
-5865.0,108.07	
-5870.0,108.12	
-5875.0,108.12	
-5880.0,108.11	
-5885.0,108.09	
-5890.0,108	
-5895.0,107.92	
-5900.0,107.89	
-5905.0,107.89	
-5910.0,107.91	
-5915.0,107.89	
-5920.0,107.79	
-5925.0,107.67	
-5930.0,107.61	
-5935.0,107.64	
-5940.0,107.78	
-5945.0,108.05	
-5950.0,108.33	
-5955.0,108.58	
-5960.0,108.72	
-5965.0,108.73	
-5970.0,108.7	
-5975.0,108.58	
-5980.0,108.39	
-5985.0,108.16	
-5990.0,107.97	
-5995.0,107.96	
-6000.0,107.92	
-6005.0,107.85	
-6010.0,107.76	
-6015.0,107.66	
-6020.0,107.55	
-6025.0,107.5	
-6030.0,107.45	
-6035.0,107.44	
-6040.0,107.57	
-6045.0,107.64	
-6050.0,107.58	
-6055.0,107.54	
-6060.0,107.44	
-6065.0,107.32	
-6070.0,107.21	
-6075.0,107.12	
-6080.0,107.03	
-6085.0,107.03	
-6090.0,107.02	
-6095.0,106.98	
-6100.0,106.95	
-6105.0,106.93	
-6110.0,106.92	
-6115.0,106.91	
-6120.0,106.94	
-6125.0,106.98	
-6130.0,107.04	
-6135.0,107.16	
-6140.0,107.37	
-6145.0,107.54	
-6150.0,107.64	
-6155.0,107.66	
-6160.0,107.63	
-6165.0,107.64	
-6170.0,107.82	
-6175.0,107.96	
-6180.0,108	
-6185.0,107.94	
-6190.0,108.08	
-6195.0,108.26	
-6200.0,108.3	
-6205.0,108.23	
-6210.0,108.14	
-6215.0,108	
-6220.0,107.88	
-6225.0,107.73	
-6230.0,107.53	
-6235.0,107.35	
-6240.0,107.25	
-6245.0,107.2	
-6250.0,107.13	
-6255.0,107.06	
-6260.0,107.02	
-6265.0,106.98	
-6270.0,106.98	
-6275.0,106.99	
-6280.0,107.07	
-6285.0,107.16	
-6290.0,107.26	
-6295.0,107.41	
-6300.0,107.46	
-6305.0,107.48	
-6310.0,107.64	
-6315.0,107.9	
-6320.0,108.07	
-6325.0,108.13	
-6330.0,108.1	
-6335.0,108.13	
-6340.0,108.14	
-6345.0,108.14	
-6350.0,108.15	
-6355.0,108.12	
-6360.0,108.15	
-6365.0,108.16	
-6370.0,108.13	
-6375.0,108.09	
-6380.0,107.99	
-6385.0,108.02	
-6390.0,108.01	
-6395.0,107.89	
-6400.0,107.81	
-6405.0,107.86	
-6410.0,107.91	
-6415.0,107.82	
-6420.0,107.84	
-6425.0,107.76	
-6430.0,107.61	
-6435.0,107.5	
-6440.0,107.37	
-6445.0,107.28	
-6450.0,107.31	
-6455.0,107.2	
-6460.0,107.09	
-6465.0,106.94	
-6470.0,106.82	
-6475.0,106.74	
-6480.0,106.59	
-6485.0,106.63	
-6490.0,106.71	
-6495.0,106.76	
-6500.0,106.7	
-6505.0,106.57	
-6510.0,106.55	
-6515.0,106.58	
-6520.0,106.74	
-6525.0,106.79	
-6530.0,106.75	
-6535.0,106.68	
-6540.0,106.79	
-6545.0,106.98	
-6550.0,107.15	
-6555.0,107.23	
-6560.0,107.23	
-6565.0,107.23	
-6570.0,107.17	
-6575.0,107.13	
-6580.0,107.31	
-6585.0,107.44	
-6590.0,107.32	
-6595.0,107.04	
-6600.0,106.95	
-6605.0,106.9	
-6610.0,106.91	
-6615.0,106.95	
-6620.0,107.06	
-6625.0,107.15	
-6630.0,107.19	
-6635.0,107.19	
-6640.0,107.06	
-6645.0,106.82	
-6650.0,106.65	
-6655.0,106.55	
-6660.0,106.51	
-6665.0,106.58	
-6670.0,106.68	
-6675.0,106.77	
-6680.0,106.73	
-6685.0,106.66	
-6690.0,106.55	
-6695.0,106.44	
-6700.0,106.38	
-6705.0,106.4	
-6710.0,106.4	
-6715.0,106.42	
-6720.0,106.58	
-6725.0,106.75	
-6730.0,106.84	
-6735.0,106.87	
-6740.0,106.95	
-6745.0,107	
-6750.0,106.96	
-6755.0,106.95	
-6760.0,107.03	
-6765.0,107.11	
-6770.0,107.09	
-6775.0,107.05	
-6780.0,107.04	
-6785.0,107.14	
-6790.0,107.25	
-6795.0,107.33	
-6800.0,107.38	
-6805.0,107.4	
-6810.0,107.47	
-6815.0,107.48	
-6820.0,107.49	
-6825.0,107.38	
-6830.0,107.26	
-6835.0,107.28	
-6840.0,107.29	
-6845.0,107.27	
-6850.0,107.29	
-6855.0,107.38	
-6860.0,107.41	
-6865.0,107.39	
-6870.0,107.38	
-6875.0,107.58	
-6880.0,107.86	
-6885.0,108.1	
-6890.0,108.26	
-6895.0,108.33	
-6900.0,108.35	
-6905.0,108.38	
-6910.0,108.37	
-6915.0,108.27	
-6920.0,108.2	
-6925.0,108.17	
-6930.0,108.35	
-6935.0,108.6	
-6940.0,108.72	
-6945.0,108.72	
-6950.0,108.65	
-6955.0,108.69	
-6960.0,108.8	
-6965.0,108.93	
-6970.0,109.13	
-6975.0,109.28	
-6980.0,109.33	
-6985.0,109.32	
-6990.0,109.4	
-6995.0,109.5	
-7000.0,109.53	
-7005.0,109.53	
-7010.0,109.58	
-7015.0,109.73	
-7020.0,109.75	
-7025.0,109.7	
-7030.0,109.53	
-7035.0,109.49	
-7040.0,109.42	
-7045.0,109.24	
-7050.0,108.96	
-7055.0,108.96	
-7060.0,108.69	
-7065.0,108.51	
-7070.0,108.46	
-7075.0,108.33	
-7080.0,108.17	
-7085.0,107.94	
-7090.0,107.95	
-7095.0,108.03	
-7100.0,108.23	
-7105.0,108.38	
-7110.0,108.45	
-7115.0,108.57	
-7120.0,108.64	
-7125.0,108.65	
-7130.0,108.69	
-7135.0,108.7	
-7140.0,108.62	
-7145.0,108.54	
-7150.0,108.63	
-7155.0,108.76	
-7160.0,108.85	
-7165.0,108.91	
-7170.0,108.96	
-7175.0,108.9	
-7180.0,108.68	
-7185.0,108.56	
-7190.0,108.53	
-7195.0,108.49	
-7200.0,108.46	
-7205.0,108.49	
-7210.0,108.55	
-7215.0,108.66	
-7220.0,108.8	
-7225.0,108.99	
-7230.0,109.14	
-7235.0,109.23	
-7240.0,109.29	
-7245.0,109.35	
-7250.0,109.39	
-7255.0,109.39	
-7260.0,109.41	
-7265.0,109.48	
-7270.0,109.59	
-7275.0,109.72	
-7280.0,109.8	
-7285.0,109.84	
-7290.0,109.87	
-7295.0,109.86	
-7300.0,109.85	
-7305.0,109.82	
-7310.0,109.8	
-7315.0,109.79	
-7320.0,109.77	
-7325.0,109.77	
-7330.0,109.74	
-7335.0,109.71	
-7340.0,109.68	
-7345.0,109.65	
-7350.0,109.6	
-7355.0,109.54	
-7360.0,109.53	
-7365.0,109.54	
-7370.0,109.55	
-7375.0,109.55	
-7380.0,109.5	
-7385.0,109.46	
-7390.0,109.6	
-7395.0,109.83	
-7400.0,109.95	
-7405.0,110	
-7410.0,110.2	
-7415.0,110.39	
-7420.0,110.45	
-7425.0,110.42	
-7430.0,110.48	
-7435.0,110.61	
-7440.0,110.7	
-7445.0,110.75	
-7450.0,110.61	
-7455.0,110.42	
-7460.0,110.42	
-7465.0,110.48	
-7470.0,110.5	
-7475.0,110.48	
-7480.0,110.4	
-7485.0,110.27	
-7490.0,110.21	
-7495.0,110.2	
-7500.0,110.24	
-7505.0,110.29	
-7510.0,110.33	
-7515.0,110.27	
-7520.0,110.11	
-7525.0,109.99	
-7530.0,109.92	
-7535.0,109.85	
-7540.0,109.76	
-7545.0,109.67	
-7550.0,109.64	
-7555.0,109.67	
-7560.0,109.78	
-7565.0,109.87	
-7570.0,109.84	
-7575.0,109.72	
-7580.0,109.48	
-7585.0,109.21	
-7590.0,108.93	
-7595.0,108.65	
-7600.0,108.32	
-7605.0,108.16	
-7610.0,107.97	
-7615.0,107.93	
-7620.0,108.02	
-7625.0,108.19	
-7630.0,108.24	
-7635.0,108.24	
-7640.0,108.32	
-7645.0,108.39	
-7650.0,108.36	
-7655.0,108.33	
-7660.0,108.37	
-7665.0,108.43	
-7670.0,108.51	
-7675.0,108.56	
-7680.0,108.55	
-7685.0,108.52	
-7690.0,108.58	
-7695.0,108.72	
-7700.0,108.85	
-7705.0,108.86	
-7710.0,108.89	
-7715.0,108.9	
-7720.0,108.94	
-7725.0,108.96	
-7730.0,108.95	
-7735.0,108.92	
-7740.0,108.9	
-7745.0,108.89	
-7750.0,108.79	
-7755.0,108.71	
-7760.0,108.68	
-7765.0,108.75	
-7770.0,108.91	
-7775.0,109.04	
-7780.0,109.08	
-7785.0,109.05	
-7790.0,108.98	
-7795.0,108.96	
-7800.0,109.03	
-7805.0,109.12	
-7810.0,109.19	
-7815.0,109.23	
-7820.0,109.23	
-7825.0,109.18	
-7830.0,109.21	
-7835.0,109.25	
-7840.0,109.29	
-7845.0,109.34	
-7850.0,109.38	
-7855.0,109.47	
-7860.0,109.55	
-7865.0,109.62	
-7870.0,109.64	
-7875.0,109.7	
-7880.0,109.76	
-7885.0,109.81	
-7890.0,109.88	
-7895.0,109.97	
-7900.0,110.14	
-7905.0,110.25	
-7910.0,110.27	
-7915.0,110.31	
-7920.0,110.27	
-7925.0,110.42	
-7930.0,110.58	
-7935.0,110.59	
-7940.0,110.47	
-7945.0,110.45	
-7950.0,110.5	
-7955.0,110.36	
-7960.0,110.22	
-7965.0,110.14	
-7970.0,110.07	
-7975.0,110.05	
-7980.0,110.07	
-7985.0,110.06	
-7990.0,110.08	
-7995.0,110.1	
-8000.0,110.13	
-8005.0,110.15	
-8010.0,110.16	
-8015.0,110.13	
-8020.0,110.1	
-8025.0,110.14	
-8030.0,110.21	
-8035.0,110.44	
-8040.0,110.69	
-8045.0,110.92	
-8050.0,111.03	
-8055.0,111.03	
-8060.0,111	
-8065.0,110.95	
-8070.0,111.02	
-8075.0,111.2	
-8080.0,111.38	
-8085.0,111.46	
-8090.0,111.37	
-8095.0,111.23	
-8100.0,111.3	
-8105.0,111.42	
-8110.0,111.6	
-8115.0,111.89	
-8120.0,112.08	
-8125.0,112.18	
-8130.0,112.25	
-8135.0,112.34	
-8140.0,112.43	
-8145.0,112.51	
-8150.0,112.67	
-8155.0,112.78	
-8160.0,112.8	
-8165.0,112.72	
-8170.0,112.57	
-8175.0,112.59	
-8180.0,112.62	
-8185.0,112.62	
-8190.0,112.69	
-8195.0,112.77	
-8200.0,112.77	
-8205.0,112.65	
-8210.0,112.51	
-8215.0,112.52	
-8220.0,112.51	
-8225.0,112.39	
-8230.0,112.28	
-8235.0,112.19	
-8240.0,112.12	
-8245.0,112.02	
-8250.0,111.87	
-8255.0,111.81	
-8260.0,111.81	
-8265.0,111.86	
-8270.0,111.87	
-8275.0,111.76	
-8280.0,111.55	
-8285.0,111.34	
-8290.0,111.17	
-8295.0,110.99	
-8300.0,110.75	
-8305.0,110.61	
-8310.0,110.6	
-8315.0,110.61	
-8320.0,110.59	
-8325.0,110.58	
-8330.0,110.57	
-8335.0,110.6	
-8340.0,110.63	
-8345.0,110.61	
-8350.0,110.51	
-8355.0,110.4	
-8360.0,110.45	
-8365.0,110.64	
-8370.0,110.79	
-8375.0,110.9	
-8380.0,111	
-8385.0,111.11	
-8390.0,111.12	
-8395.0,111.1	
-8400.0,111.18	
-8405.0,111.33	
-8410.0,111.48	
-8415.0,111.58	
-8420.0,111.56	
-8425.0,111.53	
-8430.0,111.57	
-8435.0,111.61	
-8440.0,111.64	
-8445.0,111.65	
-8450.0,111.69	
-8455.0,111.7	
-8460.0,111.66	
-8465.0,111.61	
-8470.0,111.63	
-8475.0,111.64	
-8480.0,111.62	
-8485.0,111.61	
-8490.0,111.54	
-8495.0,111.48	
-8500.0,111.56	
-8505.0,111.78	
-8510.0,111.97	
-8515.0,112.14	
-8520.0,112.32	
-8525.0,112.4	
-8530.0,112.38	
-8535.0,112.34	
-8540.0,112.28	
-8545.0,112.2	
-8550.0,112.14	
-8555.0,112.09	
-8560.0,112.04	
-8565.0,111.94	
-8570.0,111.89	
-8575.0,111.88	
-8580.0,111.96	
-8585.0,112.1	
-8590.0,112.19	
-8595.0,112.25	
-8600.0,112.29	
-8605.0,112.31	
-8610.0,112.3	
-8615.0,112.28	
-8620.0,112.22	
-8625.0,112.09	
-8630.0,112.02	
-8635.0,111.94	
-8640.0,111.78	
-8645.0,111.81	
-8650.0,111.85	
-8655.0,111.8	
-8660.0,111.69	
-8665.0,111.84	
-8670.0,112.05	
-8675.0,112.23	
-8680.0,112.38	
-8685.0,112.53	
-8690.0,112.61	
-8695.0,112.61	
-8700.0,112.55	
-8705.0,112.45	
-8710.0,112.41	
-8715.0,112.41	
-8720.0,112.45	
-8725.0,112.49	
-8730.0,112.5	
-8735.0,112.5	
-8740.0,112.52	
-8745.0,112.51	
-8750.0,112.44	
-8755.0,112.41	
-8760.0,112.38	
-8765.0,112.33	
-8770.0,112.33	
-8775.0,112.34	
-8780.0,112.35	
-8785.0,112.34	
-8790.0,112.32	
-8795.0,112.29	
-8800.0,112.28	
-8805.0,112.26	
-8810.0,112.23	
-8815.0,112.22	
-8820.0,112.21	
-8825.0,112.21	
-8830.0,112.27	
-8835.0,112.28	
-8840.0,112.18	
-8845.0,112.08	
-8850.0,112.09	
-8855.0,112.12	
-8860.0,112.16	
-8865.0,112.21	
-8870.0,112.26	
-8875.0,112.32	
-8880.0,112.37	
-8885.0,112.43	
-8890.0,112.51	
-8895.0,112.62	
-8900.0,112.78	
-8905.0,113.01	
-8910.0,113.06	
-8915.0,112.95	
-8920.0,112.83	
-8925.0,112.75	
-8930.0,112.72	
-8935.0,112.7	
-8940.0,112.73	
-8945.0,112.77	
-8950.0,112.81	
-8955.0,112.86	
-8960.0,112.91	
-8965.0,112.98	
-8970.0,113.12	
-8975.0,113.29	
-8980.0,113.43	
-8985.0,113.52	
-8990.0,113.58	
-8995.0,113.73	
-9000.0,113.97	
-9005.0,114.21	
-9010.0,114.38	
-9015.0,114.52	
-9020.0,114.68	
-9025.0,114.83	
-9030.0,114.96	
-9035.0,115.03	
-9040.0,115.07	
-9045.0,115.08	
-9050.0,115.09	
-9055.0,115.03	
-9060.0,114.97	
-9065.0,115.04	
-9070.0,115.17	
-9075.0,115.33	
-9080.0,115.51	
-9085.0,115.71	
-9090.0,115.85	
-9095.0,115.92	
-9100.0,115.99	
-9105.0,116.05	
-9110.0,116.06	
-9115.0,115.9	
-9120.0,115.68	
-9125.0,115.54	
-9130.0,115.5	
-9135.0,115.45	
-9140.0,115.41	
-9145.0,115.44	
-9150.0,115.4	
-9155.0,115.31	
-9160.0,115.29	
-9165.0,115.4	
-9170.0,115.5	
-9175.0,115.5	
-9180.0,115.5	
-9185.0,115.51	
-9190.0,115.51	
-9195.0,115.52	
-9200.0,115.58	
-9205.0,115.65	
-9210.0,115.69	
-9215.0,115.69	
-9220.0,115.63	
-9225.0,115.5	
-9230.0,115.39	
-9235.0,115.35	
-9240.0,115.3	
-9245.0,115.29	
-9250.0,115.1	
-9260.0,114.86	
-9270.0,114.73	
-9280.0,114.6	
-9290.0,114.34	
-9300.0,114.01	
-9310.0,113.93	
-9320.0,113.73	
-9330.0,113.73	
-9340.0,113.82	
-9350.0,113.99	
-9360.0,114.05	
-9370.0,114.02	
-9380.0,113.96	
-9390.0,114.04	
-9400.0,114.12	
-9410.0,114.15	
-9420.0,114.2	
-9430.0,114.58	
-9440.0,114.61	
-9450.0,114.3	
-9460.0,114.11	
-9470.0,114.12	
-9480.0,114.38	
-9490.0,114.6	
-9500.0,114.77	
-9510.0,115.01	
-9520.0,115.09	
-9530.0,115.08	
-9540.0,115.27	
-9550.0,115.26	
-9560.0,115.16	
-9570.0,115.37	
-9580.0,115.77	
-9590.0,115.89	
-9600.0,116.06	
-9610.0,116.35	
-9620.0,116.55	
-9630.0,116.7	
-9640.0,116.86	
-9650.0,116.8	
-9660.0,116.62	
-9670.0,116.51	
-9680.0,116.46	
-9690.0,116.61	
-9700.0,116.59	
-9710.0,116.7	
-9720.0,117	
-9730.0,117.39	
-9740.0,117.49	
-9750.0,117.44	
-9760.0,117.36	
-9770.0,117.36	
-9780.0,117.46	
-9790.0,117.72	
-9800.0,117.79	
-9810.0,117.62	
-9820.0,117.48	
-9830.0,117.58	
-9840.0,117.8	
-9850.0,117.96	
-9860.0,118.04	
-9870.0,117.99	
-9880.0,117.83	
-9890.0,117.69	
-9900.0,117.69	
-9910.0,117.93	
-9920.0,118.32	
-9930.0,118.61	
-9940.0,118.8	
-9950.0,118.96	
-9960.0,119.08	
-9970.0,119.25	
-9980.0,119.44	
-9990.0,119.63	
-10000.0,119.74	
-10010.0,119.71	
-10020.0,119.56	
-10030.0,119.4	
-10040.0,119.28	
-10050.0,119.3	
-10060.0,119.42	
-10070.0,119.56	
-10080.0,119.63	
-10090.0,119.6	
-10100.0,119.55	
-10110.0,119.55	
-10120.0,119.56	
-10130.0,119.54	
-10140.0,119.47	
-10150.0,119.47	
-10160.0,119.51	
-10170.0,119.55	
-10180.0,119.56	
-10190.0,119.53	
-10200.0,119.48	
-10210.0,119.52	
-10220.0,119.63	
-10230.0,119.76	
-10240.0,120.09	
-10250.0,120.38	
-10260.0,120.42	
-10270.0,120.3	
-10280.0,120.1	
-10290.0,120.13	
-10300.0,120.48	
-10310.0,120.75	
-10320.0,120.97	
-10330.0,121.18	
-10340.0,121.43	
-10350.0,121.68	
-10360.0,121.77	
-10370.0,121.72	
-10380.0,121.81	
-10390.0,121.98	
-10400.0,122.24	
-10410.0,122.68	
-10420.0,122.73	
-10430.0,122.53	
-10440.0,122.3	
-10450.0,122.19	
-10460.0,122.11	
-10470.0,121.95	
-10480.0,121.7	
-10490.0,121.58	
-10500.0,121.66	
-10510.0,121.93	
-10520.0,122.29	
-10530.0,122.58	
-10540.0,122.82	
-10550.0,123.04	
-10560.0,123.27	
-10570.0,123.16	
-10580.0,122.88	
-10590.0,122.89	
-10600.0,122.69	
-10610.0,122.48	
-10620.0,122.26	
-10630.0,122.02	
-10640.0,121.77	
-10650.0,121.52	
-10660.0,121.31	
-10670.0,121.14	
-10680.0,121.01	
-10690.0,120.89	
-10700.0,120.72	
-10710.0,120.53	
-10720.0,120.38	
-10730.0,120.26	
-10740.0,120.16	
-10750.0,120.1	
-10760.0,120.05	
-10770.0,120.01	
-10780.0,120	
-10790.0,119.99	
-10800.0,119.97	
-10810.0,119.95	
-10820.0,119.96	
-10830.0,119.99	
-10840.0,120.04	
-10850.0,120.13	
-10860.0,120.23	
-10870.0,120.36	
-10880.0,120.49	
-10890.0,120.61	
-10900.0,120.71	
-10910.0,120.78	
-10920.0,120.82	
-10930.0,120.82	
-10940.0,120.78	
-10950.0,120.73	
-10960.0,120.7	
-10970.0,120.66	
-10980.0,120.63	
-10990.0,120.63	
-11000.0,120.64	
-11010.0,120.66	
-11020.0,120.69	
-11030.0,120.73	
-11040.0,120.81	
-11050.0,120.96	
-11060.0,121.17	
-11070.0,121.4	
-11080.0,121.61	
-11090.0,121.79	
-11100.0,121.91	
-11110.0,121.99	
-11120.0,122	
-11130.0,121.94	
-11140.0,121.74	
-11150.0,121.46	
-11160.0,121.19	
-11170.0,120.98	
-11180.0,120.85	
-11190.0,120.77	
-11200.0,120.73	
-11210.0,120.73	
-11220.0,120.72	
-11230.0,120.72	
-11240.0,120.74	
-11250.0,120.77	
-11260.0,120.81	
-11270.0,120.88	
-11280.0,120.92	
-11290.0,120.95	
-11300.0,120.91	
-11310.0,120.85	
-11320.0,120.74	
-11330.0,120.59	
-11340.0,120.43	
-11350.0,120.29	
-11360.0,120.18	
-11370.0,120.1	
-11380.0,120.07	
-11390.0,120.04	
-11400.0,120.03	
-11410.0,120.03	
-11420.0,120.02	
-11430.0,119.97	
-11440.0,119.91	
-11450.0,119.83	
-11460.0,119.75	
-11470.0,119.67	
-11480.0,119.58	
-11490.0,119.49	
-11500.0,119.39	
-11510.0,119.32	
-11520.0,119.24	
-11530.0,119.19	
-11540.0,119.17	
-11550.0,119.18	
-11560.0,119.24	
-11570.0,119.33	
-11580.0,119.49	
-11590.0,119.68	
-11600.0,119.87	
-11610.0,120.03	
-11620.0,120.13	
-11630.0,120.19	
-11640.0,120.22	
-11650.0,120.23	
-11660.0,120.22	
-11670.0,120.25	
-11680.0,120.27	
-11690.0,120.3	
-11700.0,120.34	
-11710.0,120.38	
-11720.0,120.41	
-11730.0,120.46	
-11740.0,120.5	
-11750.0,120.54	
-11760.0,120.57	
-11770.0,120.56	
-11780.0,120.52	
-11790.0,120.45	
-11800.0,120.37	
-11810.0,120.29	
-11820.0,120.2	
-11830.0,120.12	
-11840.0,120.04	
-11850.0,119.96	
-11860.0,119.88	
-11870.0,119.82	
-11880.0,119.76	
-11890.0,119.71	
-11900.0,119.66	
-11910.0,119.64	
-11920.0,119.65	
-11930.0,119.66	
-11940.0,119.67	
-11950.0,119.7	
-11960.0,119.72	
-11970.0,119.73	
-11980.0,119.76	
-11990.0,119.77	
-12000.0,119.78	
-12010.0,119.8	
-12020.0,119.82	
-12030.0,119.83	
-12040.0,119.84	
-12050.0,119.85	
-12060.0,119.83	
-12070.0,119.78	
-12080.0,119.72	
-12090.0,119.64	
-12100.0,119.59	
-12110.0,119.57	
-12120.0,119.61	
-12130.0,119.66	
-12140.0,119.72	
-12150.0,119.78	
-12160.0,119.8	
-12170.0,119.81	
-12180.0,119.79	
-12190.0,119.77	
-12200.0,119.74	
-12210.0,119.71	
-12220.0,119.66	
-12230.0,119.64	
-12240.0,119.62	
-12250.0,119.6	
-12260.0,119.6	
-12270.0,119.59	
-12280.0,119.57	
-12290.0,119.57	
-12300.0,119.58	
-12310.0,119.62	
-12320.0,119.69	
-12330.0,119.8	
-12340.0,119.95	
-12350.0,120.11	
-12360.0,120.31	
-12370.0,120.52	
-12380.0,120.73	
-12390.0,120.93	
-12400.0,121.14	
-12410.0,121.3	
-12420.0,121.46	
-12430.0,121.59	
-12440.0,121.73	
-12450.0,121.87	
-12460.0,122.02	
-12470.0,122.17	
-12480.0,122.33	
-12490.0,122.5	
-12500.0,122.64	
-12510.0,122.78	
-12520.0,122.88	
-12530.0,122.98	
-12540.0,123.09	
-12550.0,123.17	
-12560.0,123.26	
-12570.0,123.35	
-12580.0,123.42	
-12590.0,123.48	
-12600.0,123.52	
-12610.0,123.55	
-12620.0,123.59	
-12630.0,123.61	
-12640.0,123.64	
-12650.0,123.7	
-12660.0,123.77	
-12670.0,123.86	
-12680.0,123.96	
-12690.0,124.05	
-12700.0,124.15	
-12710.0,124.24	
-12720.0,124.35	
-12730.0,124.47	
-12740.0,124.6	
-12750.0,124.75	
-12760.0,124.93	
-12770.0,125.13	
-12780.0,125.32	
-12790.0,125.5	
-12800.0,125.67	
-12810.0,125.83	
-12820.0,126	
-12830.0,126.14	
-12840.0,126.28	
-12850.0,126.41	
-12860.0,126.53	
-12870.0,126.67	
-12880.0,126.81	
-12890.0,126.95	
-12900.0,127.05	
-12910.0,127.17	
-12920.0,127.25	
-12930.0,127.31	
-12940.0,127.34	
-12950.0,127.36	
-12960.0,127.39	
-12970.0,127.4	
-12980.0,127.44	
-12990.0,127.49	
-13000.0,127.53	
-13010.0,127.57	
-13020.0,127.62	
-13030.0,127.66	
-13040.0,127.7	
-13050.0,127.75	
-13070.0,127.72	
-13090.0,127.76	
-13110.0,127.74	
-13130.0,127.66	
-13150.0,127.53	
-13170.0,127.36	
-13190.0,127.16	
-13210.0,126.93	
-13230.0,126.7	
-13250.0,126.49	
-13270.0,126.32	
-13290.0,126.22	
-13310.0,126.19	
-13330.0,126.31	
-13350.0,126.57	
-13370.0,126.95	
-13390.0,127.34	
-13410.0,127.71	
-13430.0,128.05	
-13450.0,128.36	
-13470.0,128.66	
-13490.0,128.91	
-13510.0,129.12	
-13530.0,129.32	
-13550.0,129.49	
-13570.0,129.63	
-13590.0,129.76	
-13610.0,129.87	
-13630.0,129.95	
-13650.0,130.06	
-13670.0,130.15	
-13690.0,130.28	
-13710.0,130.47	
-13730.0,130.7	
-13750.0,130.99	
-13770.0,131.34	
-13790.0,131.72	
-13810.0,132.09	
-13830.0,132.48	
-13850.0,132.83	
-13870.0,133.17	
-13890.0,133.42	
-13910.0,133.63	
-13930.0,133.77	
-13950.0,133.88	
-13970.0,133.95	
-13990.0,134.08	
-14010.0,134.27	
-14030.0,134.58	
-14050.0,134.92	
-14070.0,135.28	
-14090.0,135.59	
-14110.0,135.87	
-14130.0,136.15	
-14150.0,136.37	
-14170.0,136.62	
-14190.0,136.85	
-14210.0,137.09	
-14230.0,137.34	
-14250.0,137.6	
-14270.0,137.89	
-14290.0,138.19	
-14310.0,138.49	
-14330.0,138.77	
-14350.0,139.05	
-14370.0,139.29	
-14390.0,139.5	
-14410.0,139.67	
-14430.0,139.81	
-14450.0,139.91	
-14470.0,140	
-14490.0,140.08	
-14510.0,140.17	
-14530.0,140.25	
-14550.0,140.36	
-14570.0,140.46	
-14590.0,140.57	
-14610.0,140.68	
-14630.0,140.78	
-14650.0,140.86	
-14670.0,140.9	
-14690.0,140.93	
-14710.0,140.93	
-14730.0,140.91	
-14750.0,140.86	
-14770.0,140.8	
-14790.0,140.72	
-14810.0,140.55	
-14830.0,140.31	
-14850.0,139.97	
-14870.0,139.54	
-14890.0,139.08	
-14910.0,138.66	
-14930.0,138.29	
-14950.0,137.97	
-14970.0,137.72	
-14990.0,137.52	
-15010.0,137.36	
-15030.0,137.21	
-15050.0,137.08	
-15070.0,137	
-15090.0,136.96	
-15110.0,136.98	
-15130.0,137.01	
-15150.0,137.07	
-15170.0,137.09	
-15190.0,137.08	
-15210.0,136.99	
-15230.0,136.82	
-15250.0,136.63	
-15270.0,136.43	
-15290.0,136.34	
-15310.0,136.43	
-15330.0,136.72	
-15350.0,137.12	
-15370.0,137.54	
-15390.0,137.93	
-15410.0,138.26	
-15430.0,138.56	
-15450.0,138.79	
-15470.0,138.97	
-15490.0,139.08	
-15510.0,139.18	
-15530.0,139.24	
-15550.0,139.28	
-15570.0,139.31	
-15590.0,139.33	
-15610.0,139.34	
-15630.0,139.35	
-15650.0,139.3	
-15670.0,139.24	
-15690.0,139.14	
-15710.0,139.06	
-15730.0,139.02	
-15750.0,139.06	
-15770.0,139.17	
-15790.0,139.37	
-15810.0,139.59	
-15830.0,139.8	
-15850.0,139.97	
-15870.0,140.1	
-15890.0,140.16	
-15910.0,140.18	
-15930.0,140.14	
-15950.0,140.04	
-15970.0,139.93	
-15990.0,139.83	
-16010.0,139.75	
-16030.0,139.58	
-16050.0,139.33	
-16070.0,138.96	
-16090.0,138.57	
-16110.0,138.23	
-16130.0,138	
-16150.0,137.88	
-16170.0,137.89	
-16190.0,138	
-16210.0,138.16	
-16230.0,138.34	
-16250.0,138.59	
-16270.0,138.93	
-16290.0,139.39	
-16310.0,139.98	
-16330.0,140.69	
-16350.0,141.47	
-16370.0,142.31	
-16390.0,143.1	
-16410.0,143.82	
-16430.0,144.42	
-16450.0,144.82	
-16470.0,144.98	
-16490.0,144.91	
-16510.0,144.67	
-16530.0,144.26	
-16550.0,143.7	
-16570.0,143.04	
-16590.0,142.36	
-16610.0,141.71	
-16630.0,141.14	
-16650.0,140.62	
-16670.0,140.17	
-16690.0,139.8	
-16710.0,139.46	
-16730.0,139.12	
-16750.0,138.9	
-16770.0,138.79	
-16790.0,138.81	
-16810.0,138.91	
-16830.0,138.97	
-16850.0,138.9	
-16870.0,138.7	
-16890.0,138.38	
-16910.0,138	
-16930.0,137.61	
-16950.0,137.21	
-16970.0,136.82	
-16990.0,136.47	
-17010.0,136.21	
-17030.0,136.1	
-17050.0,136.17	
-17070.0,136.4	
-17090.0,136.75	
-17110.0,137.15	
-17130.0,137.55	
-17150.0,138	
-17170.0,138.47	
-17190.0,139	
-17210.0,139.51	
-17230.0,139.97	
-17250.0,140.29	
-17270.0,140.49	
-17290.0,140.55	
-17310.0,140.54	
-17330.0,140.49	
-17350.0,140.47	
-17370.0,140.51	
-17390.0,140.71	
-17410.0,141.05	
-17430.0,141.13	
-17450.0,140.45	
-17470.0,139.15	
-17490.0,137.73	
-17510.0,136.65	
-17530.0,136.31	
-17550.0,136.68	
-17570.0,137.16	
-17590.0,137.19	
-17610.0,136.6	
-17630.0,135.71	
-17650.0,134.84	
-17670.0,134.31	
-17690.0,134.32	
-17710.0,134.89	
-17730.0,135.83	
-17750.0,136.91	
-17770.0,137.89	
-17790.0,138.6	
-17810.0,138.88	
-17830.0,138.89	
-17850.0,138.8	
-17870.0,138.67	
-17890.0,138.52	
-17910.0,138.34	
-17930.0,138.14	
-17950.0,137.99	
-17970.0,137.96	
-17990.0,138.09	
-18010.0,138.36	
-18030.0,138.67	
-18050.0,138.96	
-18070.0,139.19	
-18090.0,139.35	
-18110.0,139.47	
-18130.0,139.56	
-18150.0,139.62	
-18170.0,139.61	
-18190.0,139.6	
-18210.0,139.54	
-18230.0,139.48	
-18250.0,139.41	
-18270.0,139.33	
-18290.0,139.26	
-18310.0,139.14	
-18330.0,138.99	
-18350.0,138.85	
-18370.0,138.63	
-18390.0,138.39	
-18410.0,138.14	
-18430.0,137.95	
-18450.0,137.82	
-18470.0,137.75	
-18490.0,137.71	
-18510.0,137.67	
-18530.0,137.59	
-18550.0,137.44	
-18570.0,137.23	
-18590.0,136.94	
-18610.0,136.68	
-18630.0,136.52	
-18650.0,136.52	
-18670.0,136.72	
-18690.0,137.15	
-18710.0,137.74	
-18730.0,138.38	
-18750.0,139.01	
-18770.0,139.61	
-18790.0,140.14	
-18810.0,140.6	
-18830.0,141	
-18850.0,141.32	
-18870.0,141.59	
-18890.0,141.83	
-18910.0,142.03	
-18930.0,142.2	
-18950.0,142.36	
-18970.0,142.53	
-18990.0,142.66	
-19010.0,142.83	
-19030.0,143	
-19050.0,143.18	
-19070.0,143.35	
-19090.0,143.52	
-19110.0,143.67	
-19130.0,143.84	
-19150.0,143.97	
-19170.0,144.09	
-19190.0,144.21	
-19210.0,144.27	
-19230.0,144.31	
-19250.0,144.32	
-19270.0,144.31	
-19290.0,144.3	
-19310.0,144.25	
-19330.0,144.21	
-19350.0,144.12	
-19370.0,144.06	
-19390.0,143.96	
-19410.0,143.86	
-19430.0,143.73	
-19450.0,143.59	
-19470.0,143.38	
-19490.0,143.14	
-19510.0,142.85	
-19530.0,142.5	
-19550.0,142.12	
-19570.0,141.68	
-19590.0,141.27	
-19610.0,140.91	
-19630.0,140.72	
-19650.0,140.73	
-19670.0,140.91	
-19690.0,141.2	
-19710.0,141.51	
-19730.0,141.82	
-19750.0,142.14	
-19770.0,142.41	
-19790.0,142.65	
-19810.0,142.89	
-19830.0,143.11	
-19850.0,143.33	
-19870.0,143.56	
-19890.0,143.81	
-19910.0,144.09	
-19930.0,144.39	
-19950.0,144.72	
-19970.0,145.07	
-19990.0,145.42	
-20010.0,145.75	
-20030.0,146.03	
-20050.0,146.22	
-20070.0,146.34	
-20090.0,146.37	
-20110.0,146.32	
-20130.0,146.24	
-20150.0,146.15	
-20170.0,146.11	
-20190.0,146.1	
-20210.0,146.12	
-20230.0,146.13	
-20250.0,146.12	
-20270.0,146.06	
-20290.0,145.92	
-20310.0,145.75	
-20330.0,145.54	
-20350.0,145.31	
-20370.0,145.1	
-20390.0,144.89	
-20410.0,144.68	
-20430.0,144.46	
-20450.0,144.23	
-20470.0,143.99	
-20490.0,143.74	
-20510.0,143.5	
-20530.0,143.26	
-20550.0,143.09	
-20570.0,142.95	
-20590.0,142.89	
-20610.0,142.9	
-20630.0,142.91	
-20650.0,142.9	
-20670.0,142.81	
-20690.0,142.68	
-20710.0,142.53	
-20730.0,142.41	
-20750.0,142.42	
-20770.0,142.62	
-20790.0,142.99	
-20810.0,143.48	
-20830.0,144.04	
-20850.0,144.6	
-20870.0,145.13	
-20890.0,145.59	
-20910.0,146	
-20930.0,146.32	
-20950.0,146.58	
-20970.0,146.74	
-20990.0,146.82	
-21010.0,146.79	
-21030.0,146.67	
-21050.0,146.51	
-21070.0,146.37	
-21090.0,146.4	
-21110.0,146.7	
-21130.0,147.22	
-21150.0,147.87	
-21170.0,148.54	
-21190.0,149.18	
-21210.0,149.71	
-21230.0,150.05	
-21250.0,150.27	
-21270.0,150.31	
-21290.0,150.25	
-21310.0,150.1	
-21330.0,149.91	
-21350.0,149.69	
-21370.0,149.48	
-21390.0,149.28	
-21410.0,149.08	
-21430.0,148.91	
-21450.0,148.75	
-21470.0,148.59	
-21490.0,148.45	
-21510.0,148.35	
-21530.0,148.28	
-21550.0,148.21	
-21570.0,148.2	
-21590.0,148.25	
-21610.0,148.35	
-21630.0,148.51	
-21650.0,148.72	
-21670.0,148.93	
-21690.0,149.09	
-21710.0,149.17	
-21730.0,149.18	
-21750.0,149.18	
-21770.0,149.23	
-21790.0,149.29	
-21810.0,149.36	
-21830.0,149.42	
-21850.0,149.45	
-21870.0,149.44	
-21890.0,149.35	
-21910.0,149.23	
-21930.0,149.05	
-21950.0,148.84	
-21970.0,148.64	
-21990.0,148.45	
-22010.0,148.34	
-22030.0,148.32	
-22050.0,148.42	
-22070.0,148.63	
-22090.0,148.89	
-22110.0,149.2	
-22130.0,149.52	
-22150.0,149.83	
-22170.0,150.08	
-22190.0,150.29	
-22210.0,150.47	
-22230.0,150.59	
-22250.0,150.67	
-22270.0,150.72	
-22290.0,150.75	
-22310.0,150.76	
-22330.0,150.74	
-22350.0,150.73	
-22370.0,150.7	
-22390.0,150.66	
-22410.0,150.61	
-22430.0,150.52	
-22450.0,150.4	
-22470.0,150.26	
-22490.0,150.08	
-22510.0,149.86	
-22530.0,149.59	
-22550.0,149.28	
-22570.0,148.94	
-22590.0,148.61	
-22610.0,148.44	
-22630.0,148.54	
-22650.0,148.9	
-22670.0,149.33	
-22690.0,149.73	
-22710.0,150.09	
-22730.0,150.4	
-22750.0,150.69	
-22770.0,150.94	
-22790.0,151.18	
-22810.0,151.41	
-22830.0,151.63	
-22850.0,151.82	
-22870.0,152.02	
-22890.0,152.18	
-22910.0,152.32	
-22930.0,152.43	
-22950.0,152.43	
-22970.0,152.38	
-22990.0,152.26	
-23010.0,152.04	
-23030.0,151.78	
-23050.0,151.47	
-23100.0,150.81	
-23150.0,150.4	
-23200.0,150.19	
-23250.0,150.31	
-23300.0,150.77	
-23350.0,151.52	
-23400.0,152.34	
-23450.0,153.08	
-23500.0,153.58	
-23550.0,153.86	
-23600.0,154.03	
-23650.0,154.37	
-23700.0,154.84	
-23750.0,155.24	
-23800.0,155.65	
-23850.0,156.09	
-23900.0,156.34	
-23950.0,156.33	
-24000.0,156.17	
-24050.0,156.06	
-24100.0,156.15	
-24150.0,156.38	
-24200.0,156.33	
-24250.0,155.78	
-24300.0,155.19	
-24350.0,154.97	
-24400.0,155.35	
-24450.0,156.21	
-24500.0,157.39	
-24550.0,158.56	
-24600.0,159.53	
-24650.0,160.1	
-24700.0,160.29	
-24750.0,160.2	
-24800.0,159.95	
-24850.0,159.7	
-24900.0,159.48	
-24950.0,159.25	
-25000.0,158.99	
-25050.0,158.78	
-25100.0,158.79	
-25150.0,159.16	
-25200.0,159.99	
-25250.0,161.24	
-25300.0,162.74	
-25350.0,164.26	
-25400.0,165.63	
-25450.0,166.73	
-25500.0,167.56	
-25550.0,168.09	
-25600.0,168.36	
-25650.0,168.39	
-25700.0,168.21	
-25750.0,167.93	
-25800.0,167.59	
-25850.0,167.19	
-25900.0,166.74	
-25950.0,166.19	
-26000.0,165.56	
-26050.0,164.9	
-26100.0,164.34	
-26150.0,163.98	
-26200.0,163.89	
-26250.0,164.13	
-26300.0,164.57	
-26350.0,164.99	
-26400.0,165.19	
-26450.0,165.02	
-26500.0,164.41	
-26550.0,163.55	
-26600.0,162.64	
-26650.0,161.97	
-26700.0,161.66	
-26750.0,161.71	
-26800.0,162.05	
-26850.0,162.58	
-26900.0,163.22	
-26950.0,163.87	
-27000.0,164.55	
-27050.0,165.24	
-27100.0,165.98	
-27150.0,166.69	
-27200.0,167.27	
-27250.0,167.59	
-27300.0,167.56	
-27350.0,167.28	
-27400.0,166.94	
-27450.0,166.54	
-27500.0,165.74	
-27550.0,164.21	
-27600.0,162.4	
-27650.0,161.24	
-27700.0,160.95	
-27750.0,161.04	
-27800.0,161.42	
-27850.0,162.01	
-27900.0,162.75	
-27950.0,163.64	
-28000.0,164.61	
-28050.0,165.69	
-28100.0,166.92	
-28150.0,168.31	
-28200.0,168.87	
-28250.0,167.71	
-28300.0,166.25	
-28350.0,165.04	
-28400.0,164.07	
-28450.0,163.37	
-28500.0,162.98	
-28550.0,162.8	
-28600.0,162.72	
-28650.0,162.65	
-28700.0,162.7	
-28750.0,162.93	
-28800.0,163.27	
-28850.0,163.51	
-28900.0,163.58	
-28950.0,163.47	
-29000.0,162.99	
-29050.0,162.07	
-29100.0,160.74	
-29150.0,159.18	
-29200.0,157.4	
-29250.0,155.56	
-29300.0,153.93	
-29350.0,152.57	
-29400.0,151.28	
-29450.0,150.09	
-29500.0,149.05	
-29550.0,148.08	
-29600.0,147.21	
-29650.0,146.57	
-29700.0,146.19	
-29750.0,146.11	
-29800.0,146.27	
-29850.0,146.55	
-29900.0,146.87	
-29950.0,147.16	
-30000.0,147.39	
-30050.0,147.6	
-30100.0,147.8	
-30150.0,148.07	
-30200.0,148.43	
-30250.0,148.88	
-30300.0,149.45	
-30350.0,150.13	
-30400.0,150.84	
-30450.0,151.53	
-30500.0,152.14	
-30550.0,152.67	
-30600.0,153.11	
-30650.0,153.55	
-30700.0,153.96	
-30750.0,154.33	
-30800.0,154.65	
-30850.0,154.9	
-30900.0,155.02	
-30950.0,155.09	
-31000.0,155.12	
-31050.0,155.23	
-31100.0,155.4	
-31150.0,155.54	
-31200.0,155.57	
-31250.0,155.45	
-31300.0,155.21	
-31350.0,154.93	
-31400.0,154.69	
-31450.0,154.55	
-31500.0,154.54	
-31550.0,154.63	
-31600.0,154.74	
-31650.0,154.85	
-31700.0,155.03	
-31750.0,155.56	
-31800.0,156.51	
-31850.0,157.5	
-31900.0,158.39	
-31950.0,159.14	
-32000.0,159.72	
-32050.0,160.21	
-32100.0,160.64	
-32150.0,161.06	
-32200.0,161.59	
-32250.0,162.27	
-32300.0,163.15	
-32350.0,164.28	
-32400.0,165.65	
-32450.0,166.97	
-32500.0,167.02	
-32550.0,165.38	
-32600.0,163.26	
-32650.0,161.25	
-32700.0,159.43	
-32750.0,157.82	
-32800.0,156.54	
-32850.0,155.6	
-32900.0,154.99	
-32950.0,154.54	
-33000.0,154.05	
-33050.0,153.32	
-33100.0,152.4	
-33150.0,151.37	
-33200.0,150.42	
-33250.0,149.74	
-33300.0,149.38	
-33350.0,149.3	
-33400.0,149.44	
-33450.0,149.77	
-33500.0,150.17	
-33550.0,150.46	
-33600.0,150.31	
-33650.0,149.98	
-33700.0,149.84	
-33750.0,150.08	
-33800.0,150.8	
-33850.0,152.09	
-33900.0,153.91	
-33950.0,156.18	
-34000.0,158.78	
-34050.0,161.36	
-34100.0,163.27	
-34150.0,164	
-34200.0,163.89	
-34250.0,163.01	
-34300.0,161.56	
-34350.0,160.23	
-34400.0,159.21	
-34450.0,158.43	
-34500.0,157.77	
-34550.0,156.73	
-34600.0,155.19	
-34650.0,153.7	
-34700.0,152.57	
-34750.0,151.71	
-34800.0,151.04	
-34850.0,150.56	
-34900.0,150.2	
-34950.0,150.02	
-35000.0,149.98	
-35050.0,150.1	
-35100.0,150.37	
-35150.0,150.76	
-35200.0,151.22	
-35250.0,151.7	
-35300.0,152.17	
-35350.0,152.56	
-35400.0,152.89	
-35450.0,153.17	
-35500.0,153.43	
-35550.0,153.67	
-35600.0,153.91	
-35650.0,154.19	
-35700.0,154.51	
-35750.0,154.89	
-35800.0,155.38	
-35850.0,155.97	
-35900.0,156.61	
-35950.0,157.23	
-36000.0,157.84	
-36050.0,158.49	
-36100.0,159.15	
-36150.0,159.86	
-36200.0,160.65	
-36250.0,161.62	
-36300.0,162.7	
-36350.0,163.91	
-36400.0,164.99	
-36450.0,165.52	
-36500.0,165.34	
-36550.0,164.76	
-36600.0,164.02	
-36650.0,163.21	
-36700.0,162.33	
-36750.0,161.44	
-36800.0,160.55	
-36850.0,159.64	
-36900.0,158.84	
-36950.0,158.14	
-37000.0,157.62	
-37050.0,157.32	
-37100.0,157.25	
-37150.0,157.4	
-37200.0,157.69	
-37250.0,158.07	
-37300.0,158.48	
-37350.0,158.85	
-37400.0,159.16	
-37450.0,159.43	
-37500.0,159.66	
-37550.0,159.87	
-37600.0,160.12	
-37650.0,160.43	
-37700.0,160.84	
-37750.0,161.39	
-37800.0,162.15	
-37850.0,163.09	
-37900.0,164.23	
-37950.0,165.3	
-38000.0,165.98	
-38050.0,166.26	
-38150.0,166.41	
-38250.0,166.87	
-38350.0,167.16	
-38450.0,167.18	
-38550.0,167.15	
-38650.0,167.25	
-38750.0,167.53	
-38850.0,167.99	
-38950.0,168.39	
-39050.0,167.58	
-39150.0,166.42	
-39250.0,165.43	
-39350.0,164.47	
-39450.0,163.58	
-39550.0,162.69	
-39650.0,161.78	
-39750.0,160.74	
-39850.0,159.55	
-39950.0,158.17	
-40050.0,156.76	
-40150.0,155.31	
-40250.0,154.06	
-40350.0,152.95	
-40450.0,152.01	
-40550.0,151.16	
-40650.0,150.24	
-40750.0,149.2	
-40850.0,148.13	
-40950.0,147.07	
-41050.0,146.05	
-41150.0,145.02	
-41250.0,144.04	
-41350.0,143.25	
-41450.0,142.63	
-41550.0,142.23	
-41650.0,142.29	
-41750.0,142.66	
-41850.0,143.09	
-41950.0,143.36	
-42050.0,143.26	
-42150.0,142.55	
-42250.0,141.17	
-42350.0,139.74	
-42450.0,138.43	
-42550.0,137.27	
-42650.0,136.18	
-42750.0,135.2	
-42850.0,134.32	
-42950.0,133.5	
-43050.0,132.74	
-43150.0,131.92	
-43250.0,131.04	
-43350.0,130.13	
-43450.0,129.19	
-43550.0,128.23	
-43650.0,127.26	
-43750.0,126.25	
-43850.0,125.21	
-43950.0,124.2	
-44050.0,123.28	
-44150.0,122.46	
-44250.0,121.7	
-44350.0,121.02	
-44450.0,120.42	
-44550.0,119.93	
-44650.0,119.56	
-44750.0,119.34	
-44850.0,119.3	
-44950.0,119.41	
-45050.0,119.63	
-45150.0,119.98	
-45250.0,120.4	
-45350.0,120.87	
-45450.0,121.38	
-45550.0,121.94	
-45650.0,122.57	
-45750.0,123.23	
-45850.0,123.96	
-45950.0,124.77	
-46050.0,125.64	
-46150.0,126.63	
-46250.0,127.79	
-46350.0,128.45	
-46450.0,128.9	
-46550.0,129.24	
-46650.0,129.5	
-46750.0,129.78	
-46850.0,130.12	
-46950.0,130.46	
-47050.0,130.91	
-47150.0,131.35	
-47250.0,131.66	
-47350.0,131.49	
-47450.0,131.21	
-47550.0,130.99	
-47650.0,130.89	
-47750.0,130.86	
-47850.0,130.91	
-47950.0,131.08	
-48050.0,131.29	
