date,concentration
1973.4520547945206,32.252631578947366
1973.5013698630137,30.621052631578944
1973.7972602739726,31.4
1973.8164383561643,29.757894736842104
1973.9150684931508,30.505263157894735
1973.9424657534246,31.33157894736842
1973.9698630136986,29.552631578947366
1974.035616438356,29.599999999999998
1974.0657534246575,32.71578947368421
1974.0821917808219,30.047368421052628
1974.1123287671232,30.768421052631577
1974.131506849315,31.4
1974.1534246575343,29.221052631578946
1974.1698630136987,29.07894736842105
1974.194520547945,29.105263157894736
1974.2164383561644,29.742105263157896
1974.2383561643835,29.731578947368416
1974.2547945205479,29.652631578947368
1974.304109589041,29.684210526315784
1974.317808219178,31.178947368421053
1974.331506849315,31.673684210526314
1974.3561643835617,29.173684210526314
1974.3671232876711,29.810526315789474
1974.3835616438357,35.031578947368416
1974.4,33.652631578947364
1974.4136986301369,33.3
1974.4301369863015,30.121052631578948
1974.4493150684932,31.899999999999995
1974.4657534246576,31.799999999999997
1974.4986301369863,31.9578947368421
1974.5232876712328,35.373684210526314
1974.5479452054794,30.14736842105263
1974.5616438356165,29.89473684210526
1974.668493150685,28.7
1974.690410958904,31.54736842105263
1974.7260273972602,34.49999999999999
1974.7671232876712,33.757894736842104
1974.8027397260273,36.63157894736842
1974.835616438356,32.72105263157895
1974.868493150685,31.36315789473684
1974.8876712328768,31.742105263157892
1974.9068493150685,32.91052631578947
1974.9369863013699,34.49999999999999
1974.9561643835616,33.13157894736842
1974.986301369863,32.04210526315789
1975.0630136986301,38.46842105263158
1975.0904109589042,32.647368421052626
1975.109589041096,31.08421052631579
1975.1205479452055,55.26315789473684
1975.1397260273973,33.46842105263158
1975.1534246575343,34.1
1975.172602739726,43.189473684210526
1975.1972602739727,32.81052631578947
1975.2246575342465,38.43684210526315
1975.2328767123288,37.54736842105263
1975.2657534246575,34.44736842105263
1975.2739726027398,43.699999999999996
1975.3013698630136,31.54736842105263
1975.3205479452056,34.88947368421053
1975.345205479452,35.77368421052631
1975.3616438356164,32.036842105263155
1975.3698630136987,35.757894736842104
1975.386301369863,38.099999999999994
1975.4191780821918,35.1
1975.427397260274,34.8
1975.454794520548,32.94736842105263
1975.4739726027397,30.96842105263158
1975.4931506849316,31.752631578947362
1975.5123287671233,30.557894736842105
1975.5232876712328,32.421052631578945
1975.5424657534247,33.72105263157895
1975.558904109589,34.4
1975.5808219178082,30.705263157894738
1975.6082191780822,31.2
1975.6356164383562,32.38947368421052
1975.6657534246576,30.85263157894737
1975.6849315068494,30.531578947368416
1975.7068493150684,30.694736842105264
1975.7232876712328,32.11578947368421
1975.7534246575342,34.599999999999994
1975.7890410958903,35.38947368421052
1975.8109589041096,35.578947368421055
1975.8301369863013,32.305263157894736
1975.8465753424657,31.84210526315789
1975.9150684931508,88.1578947368421
1975.9534246575342,32.92631578947368
1975.972602739726,37.3
1976.01912568306,33.00526315789473
1976.0382513661202,33.189473684210526
1976.0601092896175,59.57894736842104
1976.0874316939892,32.16842105263157
1976.0956284153006,32.28947368421053
1976.1065573770493,35.031578947368416
1976.1256830601094,43.04210526315789
1976.1448087431695,34.752631578947366
1976.1666666666667,32.88421052631579
1976.1857923497269,36.5
1976.2021857923498,31.721052631578946
1976.22131147541,31.61578947368421
1976.24043715847,37.06315789473684
1976.25956284153,33.473684210526315
1976.27868852459,31.073684210526316
1976.2978142076502,30.763157894736842
1976.3169398907103,29.900000000000002
1976.3360655737704,32.16315789473684
1976.3551912568305,30.973684210526315
1976.3743169398906,39.86315789473684
1976.3934426229507,38.22631578947368
1976.4043715846994,37.189473684210526
1976.4207650273224,37.478947368421046
1976.4371584699454,43.142105263157895
1976.450819672131,36.98947368421052
1976.4699453551912,30.97894736842105
1976.5081967213114,32.78421052631579
1976.5273224043715,30.88947368421052
1976.549180327869,33.99473684210526
1976.5655737704917,33.9
1976.5956284153006,30.668421052631576
1976.6256830601094,30.88947368421052
1976.6530054644809,35.91578947368421
1976.688524590164,34.626315789473686
1976.707650273224,38.263157894736835
1976.7431693989072,31.42631578947368
1976.7650273224044,33.268421052631574
1976.7978142076502,61.84210526315789
1976.8169398907103,104.21052631578947
1976.8387978142077,32.57894736842105
1976.8551912568305,31.026315789473685
1976.8743169398906,82.63157894736842
1976.8934426229507,35.49473684210526
1976.9153005464482,33.22105263157894
1976.931693989071,35.96842105263158
1976.950819672131,37.02105263157895
1976.9699453551912,108.57894736842105
1976.9890710382513,33.72105263157895
1977.027397260274,32.194736842105264
1977.0657534246575,31.557894736842105
1977.0849315068492,32.38947368421052
1977.1041095890412,30.826315789473682
1977.123287671233,33.87894736842105
1977.1424657534246,32.473684210526315
1977.1616438356164,34.0578947368421
1977.1808219178083,35.44736842105263
1977.2,31.899999999999995
1977.2191780821918,85.21052631578947
1977.2383561643835,95.36842105263158
1977.2575342465752,34.51578947368421
1977.2794520547945,33.66842105263158
1977.295890410959,38.23157894736842
1977.3150684931506,33.257894736842104
1977.3342465753424,37.23157894736842
1977.3534246575343,33.978947368421046
1977.372602739726,32.34736842105263
1977.3780821917808,35.29473684210526
1977.3917808219178,47.68421052631579
1977.4164383561645,37.61578947368421
1977.4301369863015,35.14210526315789
1977.4493150684932,37.96842105263158
1977.468493150685,35.90526315789474
1977.490410958904,33.72105263157895
1977.5068493150684,33.77368421052632
1977.5260273972603,32.8578947368421
1977.545205479452,32.74736842105263
1977.5643835616438,32.69473684210526
1977.5835616438355,32.357894736842105
1977.6027397260275,33.0
1977.6054794520549,32.33157894736841
1977.6191780821919,32.199999999999996
1977.6383561643836,33.4
1977.6575342465753,32.45789473684211
1977.676712328767,33.8
1977.695890410959,35.321052631578944
1977.7150684931507,33.86315789473684
1977.7342465753425,32.373684210526314
1977.7534246575342,31.773684210526316
1977.772602739726,37.48947368421052
1977.7917808219179,31.573684210526313
1977.8109589041096,44.099999999999994
1977.8301369863013,31.33157894736842
1977.849315068493,31.821052631578947
1977.868493150685,37.9
1977.9068493150685,35.61052631578947
1977.9260273972602,47.410526315789475
1977.945205479452,42.90526315789474
1977.964383561644,33.857894736842105
1977.9835616438356,32.310526315789474
1978.021917808219,31.91052631578947
1978.041095890411,103.21052631578947
1978.0602739726028,33.189473684210526
1978.0794520547945,33.83157894736842
1978.0986301369862,34.24210526315789
1978.1178082191782,39.51052631578947
1978.13698630137,42.72105263157894
1978.1561643835616,35.66842105263157
1978.1753424657534,35.67368421052631
1978.194520547945,37.636842105263156
1978.213698630137,32.82631578947368
1978.2328767123288,39.315789473684205
1978.2520547945205,36.94736842105263
1978.2712328767122,34.79473684210526
1978.2904109589042,35.90526315789474
1978.309589041096,38.62631578947368
1978.3287671232877,47.268421052631574
1978.3479452054794,46.38947368421052
1978.3671232876711,36.589473684210525
1978.386301369863,38.636842105263156
1978.4054794520548,36.984210526315785
1978.4246575342465,40.21052631578947
1978.4438356164383,35.59473684210526
1978.4630136986302,34.136842105263156
1978.482191780822,37.1578947368421
1978.5013698630137,33.56842105263158
1978.5205479452054,32.78947368421053
1978.5397260273974,32.62631578947368
1978.558904109589,32.305263157894736
1978.5780821917808,32.3
1978.5972602739726,32.652631578947364
1978.6164383561643,33.305263157894736
1978.6356164383562,32.88947368421052
1978.654794520548,32.84736842105263
1978.6739726027397,35.14210526315789
1978.6931506849314,41.38947368421052
1978.7123287671234,46.55789473684211
1978.731506849315,33.88947368421053
1978.7506849315068,34.94736842105263
1978.7698630136986,40.47894736842105
1978.7890410958903,37.357894736842105
1978.8082191780823,34.821052631578944
1978.827397260274,38.52631578947368
1978.8465753424657,35.189473684210526
1978.8657534246574,40.33157894736842
1978.8849315068494,36.51578947368421
1978.9041095890411,35.636842105263156
1978.9232876712329,34.13157894736842
1978.9424657534246,39.42631578947368
1978.9616438356165,35.6578947368421
1978.9835616438356,34.56315789473684
1979.0191780821917,36.71578947368421
1979.0383561643835,37.06842105263158
1979.0575342465754,44.29473684210526
1979.0767123287671,46.95263157894737
1979.0958904109589,36.699999999999996
1979.1150684931506,36.37894736842105
1979.1342465753426,39.83684210526316
1979.1534246575343,37.00526315789473
1979.172602739726,36.45263157894737
1979.1917808219177,45.484210526315785
1979.2109589041097,38.378947368421045
1979.2301369863014,39.85263157894737
1979.2493150684932,38.099999999999994
1979.268493150685,40.91578947368421
1979.2904109589042,37.10526315789473
1979.3068493150686,41.0
1979.3260273972603,42.56842105263157
1979.345205479452,45.05263157894736
1979.3643835616438,50.031578947368416
1979.3835616438357,39.599999999999994
1979.4027397260274,37.61052631578947
1979.4246575342465,45.099999999999994
1979.441095890411,39.69473684210526
1979.4602739726026,51.23157894736842
1979.4794520547946,43.6
1979.4986301369863,45.431578947368415
1979.517808219178,44.55263157894737
1979.5369863013698,37.94210526315789
1979.5561643835617,35.26842105263158
1979.5753424657535,36.01052631578947
1979.5945205479452,35.77894736842105
1979.613698630137,35.56315789473684
1979.6328767123289,35.55263157894736
1979.6520547945206,34.978947368421046
1979.6712328767123,36.06842105263158
1979.690410958904,36.33684210526316
1979.7095890410958,39.49999999999999
1979.7287671232878,40.1
1979.7479452054795,37.242105263157896
1979.7671232876712,39.815789473684205
1979.786301369863,118.57894736842105
1979.805479452055,148.68421052631578
1979.8246575342466,36.67894736842105
1979.8438356164384,34.32631578947368
1979.86301369863,35.636842105263156
1979.8821917808218,40.51578947368421
1979.9013698630138,35.56842105263157
1979.9205479452055,42.77368421052631
1979.9397260273972,36.031578947368416
1979.958904109589,36.36315789473684
1979.978082191781,40.14736842105263
1979.9972602739726,42.084210526315786
1980.035519125683,50.368421052631575
1980.0546448087432,46.68421052631579
1980.0737704918033,38.76315789473684
1980.0928961748634,42.036842105263155
1980.1120218579235,52.63157894736842
1980.1311475409836,62.78947368421053
1980.1502732240438,54.263157894736835
1980.1693989071039,48.873684210526314
1980.188524590164,41.821052631578944
1980.207650273224,45.215789473684204
1980.2267759562842,47.69473684210526
1980.2459016393443,41.0578947368421
1980.2677595628415,36.67368421052631
1980.2841530054645,50.29473684210526
1980.3032786885246,38.263157894736835
1980.3224043715848,42.421052631578945
1980.3415300546449,40.67368421052632
1980.360655737705,42.973684210526315
1980.379781420765,38.3421052631579
1980.4016393442623,43.73684210526315
1980.4180327868853,40.48947368421052
1980.4371584699454,39.099999999999994
1980.4562841530055,37.49473684210526
1980.4754098360656,40.18421052631579
1980.4945355191257,38.8578947368421
1980.5136612021859,40.305263157894736
1980.532786885246,38.51052631578947
1980.551912568306,36.66315789473684
1980.5710382513662,36.34210526315789
1980.5901639344263,36.82631578947368
1980.6092896174864,36.73157894736842
1980.6284153005465,40.91578947368421
1980.6475409836066,38.04210526315789
1980.6666666666667,37.9
1980.6857923497269,36.95789473684211
1980.704918032787,36.27894736842105
1980.724043715847,36.43157894736842
1980.7431693989072,37.426315789473676
1980.7622950819673,37.72631578947368
1980.7814207650274,36.252631578947366
1980.8005464480875,38.57894736842105
1980.8196721311476,38.57368421052632
1980.8387978142077,37.27894736842105
1980.8579234972678,37.163157894736834
1980.877049180328,43.089473684210525
1980.896174863388,39.45263157894737
1980.9153005464482,38.69473684210526
1980.9344262295083,35.99473684210526
1980.9535519125684,38.76842105263158
1980.9726775956285,36.37894736842105
1980.9918032786886,39.24736842105263
1981.0301369863014,40.42631578947368
1981.0493150684931,39.61052631578947
1981.0684931506848,37.973684210526315
1981.0876712328768,40.34210526315789
1981.1068493150685,38.1157894736842
1981.1260273972603,38.64210526315789
1981.145205479452,40.57894736842105
1981.164383561644,43.95263157894736
1981.1835616438357,37.199999999999996
1981.2027397260274,49.910526315789475
1981.2219178082191,40.77368421052632
1981.2410958904109,39.27894736842105
1981.2602739726028,48.752631578947366
1981.2794520547945,39.82631578947368
1981.3013698630136,43.642105263157895
1981.317808219178,63.31578947368421
1981.33698630137,43.584210526315786
1981.3561643835617,40.51578947368421
1981.3753424657534,39.921052631578945
1981.3945205479451,39.98947368421052
1981.4136986301369,41.96315789473684
1981.4328767123288,40.984210526315785
1981.4520547945206,42.794736842105266
1981.4712328767123,49.90526315789474
1981.490410958904,50.41578947368421
1981.509589041096,38.752631578947366
1981.5287671232877,38.86842105263158
1981.5479452054794,41.19473684210526
1981.5671232876712,38.69473684210526
1981.5863013698631,44.18421052631579
1981.6054794520549,57.10526315789473
1981.6246575342466,42.16315789473684
1981.6438356164383,43.57894736842105
1981.66301369863,38.199999999999996
1981.682191780822,36.92631578947368
1981.7013698630137,39.8
1981.7205479452055,38.310526315789474
1981.7397260273972,39.97368421052631
1981.7589041095891,41.00526315789474
1981.7780821917809,47.421052631578945
1981.7972602739726,46.04736842105263
1981.8164383561643,39.22631578947368
1981.835616438356,41.589473684210525
1981.854794520548,40.67368421052632
1981.8739726027397,42.34210526315789
1981.8931506849315,41.83684210526316
1981.9123287671232,39.02105263157894
1981.9315068493152,42.55263157894736
1981.9506849315069,39.34736842105263
1981.9698630136986,39.55263157894736
1981.9890410958903,38.3421052631579
1982.027397260274,37.91578947368421
1982.0465753424658,75.10526315789474
1982.0657534246575,40.315789473684205
1982.0849315068492,49.07368421052632
1982.1041095890412,76.3157894736842
1982.123287671233,42.205263157894734
1982.1424657534246,39.79473684210526
1982.1616438356164,43.263157894736835
1982.1808219178083,41.357894736842105
1982.2,42.821052631578944
1982.2191780821918,45.378947368421045
1982.2383561643835,50.99473684210526
1982.2575342465752,42.74736842105263
1982.2767123287672,40.5578947368421
1982.295890410959,40.368421052631575
1982.3150684931506,40.305263157894736
1982.3342465753424,43.91578947368421
1982.3534246575343,42.38947368421052
1982.372602739726,40.984210526315785
1982.3917808219178,43.64736842105263
1982.4136986301369,38.66315789473684
1982.4301369863015,41.46315789473684
1982.4493150684932,42.17368421052631
1982.468493150685,40.72631578947368
1982.4876712328767,42.636842105263156
1982.5068493150684,40.48947368421052
1982.5260273972603,41.921052631578945
1982.545205479452,39.921052631578945
1982.5643835616438,40.17368421052631
1982.5835616438355,42.72631578947368
1982.6027397260275,39.07368421052631
1982.6219178082192,40.16315789473684
1982.641095890411,39.636842105263156
1982.6602739726027,41.09473684210526
1982.6794520547944,40.868421052631575
1982.6986301369864,43.55263157894736
1982.717808219178,40.45263157894736
1982.7369863013698,43.13157894736842
1982.7561643835616,42.86315789473684
1982.7753424657535,42.67894736842105
1982.7945205479452,42.04736842105263
1982.813698630137,39.8
1982.8328767123287,46.478947368421046
1982.8520547945207,41.12105263157895
1982.8712328767124,44.6
1982.890410958904,53.52631578947368
1982.9095890410958,43.60526315789473
1982.9287671232876,43.37894736842105
1982.9479452054795,42.36842105263158
1982.9671232876713,40.23684210526315
1982.986301369863,43.57368421052631
1983.0246575342467,40.421052631578945
1983.0438356164384,42.810526315789474
1983.0630136986301,39.92631578947368
1983.0821917808219,42.01052631578947
1983.1013698630136,44.68947368421052
1983.1205479452055,40.11052631578947
1983.1397260273973,39.52105263157895
1983.158904109589,42.036842105263155
1983.1780821917807,44.93684210526315
1983.1972602739727,42.4
1983.2164383561644,41.72631578947368
1983.2356164383561,45.636842105263156
1983.2575342465752,39.92631578947368
1983.2739726027398,52.32631578947368
1983.2931506849316,40.978947368421046
1983.3123287671233,45.04736842105263
1983.331506849315,45.43684210526315
1983.3506849315067,39.357894736842105
1983.3698630136987,46.78947368421053
1983.3917808219178,53.42105263157894
1983.4082191780822,46.421052631578945
1983.427397260274,75.63157894736842
1983.4465753424658,48.931578947368415
1983.4657534246576,43.48421052631579
1983.4849315068493,47.48947368421052
1983.504109589041,42.31578947368421
1983.5232876712328,40.62105263157895
1983.5424657534247,40.5578947368421
1983.5616438356165,42.689473684210526
1983.5808219178082,42.873684210526314
1983.6,43.6578947368421
1983.6191780821919,40.96315789473684
1983.6383561643836,39.368421052631575
1983.6575342465753,42.04736842105263
1983.676712328767,49.147368421052626
1983.695890410959,42.34736842105263
1983.7150684931507,47.84736842105263
1983.7342465753425,42.252631578947366
1983.7534246575342,50.036842105263155
1983.772602739726,42.34736842105263
1983.7917808219179,44.67894736842105
1983.8109589041096,45.46842105263158
1983.8301369863013,50.89473684210526
1983.849315068493,44.473684210526315
1983.868493150685,43.00526315789474
1983.8876712328768,43.17894736842105
1983.9068493150685,44.026315789473685
1983.9260273972602,42.084210526315786
1983.945205479452,45.478947368421046
1983.964383561644,40.12631578947368
1983.986301369863,44.04210526315789
1984.0218579234972,40.88421052631579
1984.0409836065573,42.37894736842105
1984.0601092896175,44.17368421052632
1984.0792349726776,42.636842105263156
1984.0983606557377,42.95789473684211
1984.1174863387978,47.73157894736842
1984.136612021858,52.5578947368421
1984.155737704918,60.368421052631575
1984.1748633879781,50.01052631578947
1984.1939890710382,58.68421052631579
1984.2131147540983,53.315789473684205
1984.2322404371585,56.99999999999999
1984.2513661202186,58.631578947368425
1984.2704918032787,54.99999999999999
1984.2896174863388,55.1578947368421
1984.311475409836,48.868421052631575
1984.327868852459,44.96842105263158
1984.3469945355191,44.69473684210526
1984.3661202185792,52.68421052631578
1984.3852459016393,66.05263157894736
1984.4043715846994,53.52631578947368
1984.4234972677596,45.16315789473684
1984.4453551912568,48.07894736842105
1984.4617486338798,45.81578947368421
1984.48087431694,47.44210526315789
1984.5,45.04210526315789
1984.51912568306,55.315789473684205
1984.5382513661202,44.01052631578948
1984.5573770491803,44.752631578947366
1984.5765027322404,42.0
1984.5956284153006,44.536842105263155
1984.6147540983607,46.1578947368421
1984.6338797814208,42.95263157894737
1984.6530054644809,43.27894736842105
1984.672131147541,44.047368421052624
1984.691256830601,42.53157894736842
1984.7103825136612,44.536842105263155
1984.7295081967213,48.88421052631578
1984.7486338797814,44.84736842105263
1984.7677595628415,44.91578947368421
1984.7868852459017,44.1157894736842
1984.8060109289618,58.0
1984.8251366120219,50.46842105263158
1984.844262295082,49.47894736842105
1984.863387978142,46.43684210526315
1984.8825136612022,46.205263157894734
1984.9016393442623,47.647368421052626
1984.9207650273224,52.89473684210525
1984.9398907103825,50.315789473684205
1984.9590163934427,44.705263157894734
1984.9863387978141,44.71578947368421
1985.035616438356,46.1578947368421
1985.054794520548,46.67368421052632
1985.0739726027398,46.294736842105266
1985.0931506849315,52.68421052631578
1985.1123287671232,57.89473684210527
1985.131506849315,49.83684210526315
1985.150684931507,45.9
1985.1698630136987,56.8421052631579
1985.1890410958904,55.52631578947368
1985.2082191780821,48.1578947368421
1985.227397260274,48.82631578947368
1985.2465753424658,53.105263157894726
1985.268493150685,52.305263157894736
1985.2849315068493,61.73684210526316
1985.304109589041,52.50526315789474
1985.323287671233,63.89473684210526
1985.3424657534247,56.31578947368421
1985.3616438356164,61.36842105263157
1985.3808219178081,59.63157894736842
1985.4027397260274,52.315789473684205
1985.4191780821918,73.3157894736842
1985.4383561643835,63.94736842105263
1985.4602739726026,65.36842105263158
1985.4767123287672,63.157894736842096
1985.495890410959,57.84210526315789
1985.5150684931507,74.63157894736841
1985.5342465753424,46.199999999999996
1985.5534246575342,43.83157894736842
1985.572602739726,47.0
1985.5917808219178,46.61578947368421
1985.6109589041096,45.099999999999994
1985.6301369863013,46.03157894736842
1985.6493150684933,46.536842105263155
1985.668493150685,47.83684210526316
1985.6876712328767,66.89473684210526
1985.7068493150684,68.36842105263158
1985.7260273972602,58.47368421052631
1985.7452054794521,61.05263157894736
1985.7643835616439,46.84736842105263
1985.7835616438356,47.531578947368416
1985.8219178082193,70.42105263157895
1985.841095890411,49.699999999999996
1985.8602739726027,114.4736842105263
1985.8794520547945,99.63157894736841
1985.8986301369864,245.0
1985.9178082191781,48.51052631578947
1985.9369863013699,51.68947368421052
1985.9561643835616,47.257894736842104
1985.9753424657533,46.56842105263158
1985.9945205479453,329.31578947368416
1986.0328767123287,84.26315789473684
1986.0520547945205,53.52631578947368
1986.0712328767124,55.84210526315789
1986.0904109589042,54.63157894736842
1986.109589041096,85.78947368421052
1986.1287671232876,140.21052631578948
1986.1479452054793,55.210526315789465
1986.1671232876713,75.99999999999999
1986.186301369863,54.89473684210525
1986.2054794520548,57.52631578947368
1986.2246575342465,48.694736842105264
1986.2465753424658,93.47368421052632
1986.2630136986302,52.68421052631578
1986.282191780822,66.73684210526315
1986.3013698630136,56.368421052631575
1986.3205479452056,75.84210526315789
1986.3397260273973,54.73684210526316
1986.358904109589,48.715789473684204
1986.3780821917808,106.84210526315788
1986.3972602739725,64.63157894736841
1986.4164383561645,69.3157894736842
1986.4356164383562,59.10526315789473
1986.454794520548,62.368421052631575
1986.4739726027397,108.84210526315789
1986.4931506849316,61.21052631578947
1986.5123287671233,54.21052631578947
1986.531506849315,59.89473684210525
1986.5506849315068,50.63157894736842
1986.5698630136985,48.752631578947366
1986.5890410958905,49.321052631578944
1986.6082191780822,49.1578947368421
1986.627397260274,50.421052631578945
1986.6465753424657,49.92631578947368
1986.6657534246576,52.84210526315789
1986.6849315068494,48.205263157894734
1986.704109589041,48.00526315789474
1986.7232876712328,49.931578947368415
1986.7424657534248,48.82631578947368
1986.7616438356165,68.78947368421052
1986.7808219178082,49.17368421052631
1986.8,56.368421052631575
1986.8191780821917,51.142105263157895
1986.8383561643836,73.42105263157895
1986.8575342465754,54.36842105263157
1986.876712328767,52.44736842105263
1986.8958904109588,206.05263157894737
1986.9150684931508,58.263157894736835
1986.9342465753425,49.873684210526314
1986.9534246575342,52.13157894736842
1986.972602739726,50.54736842105263
1986.9917808219177,49.31578947368421
1987.0301369863014,53.73684210526315
1987.0493150684931,49.16315789473684
1987.0684931506848,51.84210526315789
1987.0876712328768,168.1052631578947
1987.1068493150685,57.473684210526315
1987.1260273972603,53.42105263157894
1987.145205479452,56.78947368421052
1987.164383561644,54.63157894736842
1987.1835616438357,58.21052631578947
1987.2027397260274,75.73684210526315
1987.2219178082191,62.210526315789465
1987.2410958904109,54.89473684210525
1987.2602739726028,69.3157894736842
1987.2794520547945,59.52631578947368
1987.3013698630136,52.84210526315789
1987.317808219178,58.78947368421052
1987.33698630137,53.78947368421053
1987.3561643835617,59.263157894736835
1987.3753424657534,59.15789473684211
1987.3945205479451,79.68421052631578
1987.4136986301369,50.205263157894734
1987.4356164383562,54.315789473684205
1987.4520547945206,71.63157894736841
1987.4712328767123,50.94210526315789
1987.490410958904,51.48947368421052
1987.509589041096,49.77894736842105
1987.5287671232877,48.51578947368421
1987.5479452054794,50.01052631578947
1987.5671232876712,49.74736842105263
1987.5863013698631,50.11578947368421
1987.6054794520549,49.06315789473684
1987.6246575342466,47.315789473684205
1987.6438356164383,68.26315789473684
1987.66301369863,51.584210526315786
1987.682191780822,56.368421052631575
1987.7013698630137,109.26315789473684
1987.7205479452055,56.99999999999999
1987.7397260273972,50.73684210526315
1987.7589041095891,51.089473684210525
1987.7780821917809,48.60526315789473
1987.7972602739726,55.26315789473684
1987.8164383561643,52.78947368421052
1987.835616438356,79.84210526315789
1987.854794520548,71.26315789473684
1987.8739726027397,53.63157894736841
1987.8931506849315,71.36842105263158
1987.9123287671232,59.36842105263157
1987.9315068493152,54.263157894736835
1987.9506849315069,55.578947368421055
1987.9698630136986,55.68421052631579
1987.9890410958903,51.6578947368421
1988.0273224043715,49.61578947368421
1988.0464480874316,51.152631578947364
1988.0655737704917,58.631578947368425
1988.0846994535518,48.49999999999999
1988.103825136612,51.152631578947364
1988.122950819672,52.84210526315789
1988.1420765027322,51.67368421052631
1988.1612021857923,56.57894736842105
1988.1803278688524,50.96315789473684
1988.1994535519125,52.89473684210525
1988.2185792349726,50.263157894736835
1988.2377049180327,50.61578947368421
1988.25956284153,50.41052631578947
1988.275956284153,67.21052631578947
1988.295081967213,57.68421052631579
1988.3142076502731,54.10526315789473
1988.3333333333333,60.1578947368421
1988.3524590163934,71.05263157894737
1988.3715846994535,53.84210526315788
1988.3934426229507,52.12105263157894
1988.4098360655737,55.78947368421053
1988.4289617486338,58.89473684210526
1988.448087431694,52.84210526315789
1988.467213114754,54.421052631578945
1988.4863387978141,50.810526315789474
1988.5054644808743,51.5
1988.5245901639344,52.4
1988.5437158469945,49.19473684210526
1988.5628415300546,51.22105263157894
1988.5819672131147,53.73684210526315
1988.6010928961748,50.33684210526316
1988.620218579235,49.67368421052631
1988.639344262295,52.52631578947368
1988.6584699453551,50.4
1988.6775956284152,54.263157894736835
1988.6967213114754,60.05263157894736
1988.7158469945355,49.978947368421046
1988.7349726775956,49.94210526315789
1988.7540983606557,50.6578947368421
1988.7732240437158,48.33684210526315
1988.792349726776,52.0578947368421
1988.811475409836,71.05263157894737
1988.8306010928961,60.473684210526315
1988.8497267759562,62.1578947368421
1988.8688524590164,52.078947368421055
1988.8879781420765,52.84210526315789
1988.9071038251366,56.421052631578945
1988.9262295081967,50.752631578947366
1988.9453551912568,51.91578947368421
1988.964480874317,50.69473684210526
1988.9863387978141,59.63157894736842
1989.021917808219,52.33157894736841
1989.041095890411,54.89473684210525
1989.0602739726028,48.647368421052626
1989.0794520547945,52.45789473684211
1989.1013698630136,48.56842105263157
1989.1178082191782,50.46315789473684
1989.13698630137,53.57894736842105
1989.1561643835616,51.96842105263158
1989.1753424657534,73.05263157894736
1989.194520547945,54.94736842105263
1989.213698630137,50.368421052631575
1989.2356164383561,63.157894736842096
1989.2520547945205,58.94736842105263
1989.2712328767122,72.3157894736842
1989.2904109589042,57.52631578947368
1989.309589041096,64.15789473684211
1989.331506849315,52.536842105263155
1989.3479452054794,55.05263157894737
1989.3698630136987,55.26315789473684
1989.386301369863,52.48947368421052
1989.4054794520548,61.63157894736842
1989.4246575342465,57.315789473684205
1989.4438356164383,54.99999999999999
1989.4630136986302,63.99999999999999
1989.482191780822,56.421052631578945
1989.5013698630137,55.78947368421053
1989.5205479452054,62.68421052631579
1989.5397260273974,52.89473684210525
1989.558904109589,56.526315789473685
1989.5780821917808,59.263157894736835
1989.5972602739726,51.43684210526315
1989.6164383561643,51.69473684210526
1989.6356164383562,53.26315789473684
1989.654794520548,58.10526315789474
1989.6739726027397,55.05263157894737
1989.6931506849314,60.42105263157894
1989.7123287671234,75.68421052631578
1989.731506849315,54.63157894736842
1989.7506849315068,73.05263157894736
1989.7698630136986,69.89473684210526
1989.7890410958903,63.368421052631575
1989.8082191780823,87.26315789473684
1989.827397260274,55.10526315789473
1989.8465753424657,90.94736842105263
1989.8657534246574,69.57894736842105
1989.8849315068494,55.52631578947368
1989.9041095890411,104.78947368421052
1989.9232876712329,69.15789473684211
1989.9424657534246,62.210526315789465
1989.972602739726,54.89473684210525
1990.0027397260274,66.63157894736841
1990.0191780821917,52.43684210526315
1990.0383561643835,56.78947368421052
1990.0575342465754,51.23684210526316
1990.0767123287671,57.68421052631579
1990.0958904109589,58.1578947368421
1990.1150684931506,52.63157894736842
1990.1342465753426,57.84210526315789
1990.1561643835616,61.0
1990.172602739726,65.68421052631578
1990.1917808219177,74.94736842105263
1990.2109589041097,57.578947368421055
1990.2301369863014,54.63157894736842
1990.2493150684932,66.0
1990.268493150685,53.94736842105262
1990.2904109589042,53.315789473684205
1990.3068493150686,56.368421052631575
1990.3260273972603,51.84210526315789
1990.345205479452,67.84210526315789
1990.3643835616438,56.99999999999999
1990.3835616438357,58.0
1990.4027397260274,64.63157894736841
1990.4246575342465,54.421052631578945
1990.441095890411,55.68421052631579
1990.4602739726026,55.42105263157894
1990.4794520547946,51.88421052631578
1990.4986301369863,52.68421052631578
1990.517808219178,53.94736842105262
1990.5369863013698,55.68421052631579
1990.5561643835617,52.60526315789474
1990.5753424657535,52.68421052631578
1990.5945205479452,57.05263157894737
1990.613698630137,52.84210526315789
1990.6328767123289,54.263157894736835
1990.6520547945206,79.89473684210526
1990.6712328767123,70.10526315789474
1990.690410958904,57.36842105263158
1990.7095890410958,76.6842105263158
1990.7287671232878,57.63157894736842
1990.7479452054795,87.21052631578947
1990.7671232876712,56.263157894736835
1990.786301369863,61.05263157894736
1990.805479452055,59.47368421052631
1990.8246575342466,67.73684210526315
1990.8438356164384,89.84210526315789
1990.86301369863,72.05263157894737
1990.8821917808218,66.89473684210526
1990.9013698630138,62.63157894736842
1990.9205479452055,58.631578947368425
1990.9397260273972,62.73684210526315
1990.958904109589,64.42105263157895
1990.986301369863,54.63157894736842
1991.0164383561644,56.21052631578947
1991.035616438356,57.52631578947368
1991.054794520548,56.421052631578945
1991.0739726027398,58.05263157894736
1991.0931506849315,65.94736842105262
1991.1123287671232,71.57894736842105
1991.131506849315,63.263157894736835
1991.150684931507,57.578947368421055
1991.1698630136987,61.63157894736842
1991.1890410958904,58.94736842105263
1991.2082191780821,73.89473684210526
1991.227397260274,59.57894736842104
1991.2493150684932,64.21052631578947
1991.2657534246575,76.10526315789473
1991.2849315068493,57.73684210526315
1991.304109589041,66.57894736842104
1991.323287671233,59.36842105263157
1991.3424657534247,61.157894736842096
1991.3616438356164,61.315789473684205
1991.3835616438357,82.84210526315789
1991.4,56.31578947368421
1991.4191780821918,95.73684210526315
1991.4383561643835,76.47368421052632
1991.4575342465753,90.47368421052632
1991.4767123287672,67.57894736842105
1991.495890410959,64.05263157894737
1991.5150684931507,57.63157894736842
1991.5342465753424,57.578947368421055
1991.5534246575342,57.421052631578945
1991.572602739726,57.26315789473684
1991.5917808219178,56.31578947368421
1991.6109589041096,55.315789473684205
1991.6301369863013,55.578947368421055
1991.6493150684933,63.10526315789473
1991.668493150685,55.05263157894737
1991.6876712328767,56.89473684210526
1991.7068493150684,58.73684210526316
1991.7260273972602,58.42105263157895
1991.7452054794521,92.89473684210525
1991.7643835616439,69.89473684210526
1991.7835616438356,68.42105263157895
1991.8027397260273,55.68421052631579
1991.8219178082193,58.263157894736835
1991.841095890411,59.73684210526316
1991.8602739726027,68.05263157894736
1991.8794520547945,61.68421052631578
1991.8986301369864,58.21052631578947
1991.9178082191781,56.31578947368421
1991.9561643835616,62.05263157894737
1991.9753424657533,55.10526315789473
1992.0027322404371,54.89473684210525
1992.016393442623,55.210526315789465
1992.032786885246,57.78947368421053
1992.051912568306,57.473684210526315
1992.0710382513662,55.210526315789465
1992.0901639344263,61.84210526315789
1992.1092896174864,74.3157894736842
1992.1284153005465,58.99999999999999
1992.1475409836066,59.68421052631578
1992.1666666666667,56.94736842105263
1992.1857923497269,57.73684210526315
1992.204918032787,78.05263157894737
1992.224043715847,59.57894736842104
1992.2431693989072,55.63157894736842
1992.2622950819673,55.63157894736842
1992.2814207650274,77.89473684210526
1992.3032786885246,74.84210526315789
1992.3196721311476,58.78947368421052
1992.3387978142077,58.31578947368421
1992.3579234972678,69.21052631578947
1992.377049180328,57.1578947368421
1992.396174863388,56.89473684210526
1992.4153005464482,75.10526315789474
1992.4344262295083,57.63157894736842
1992.4535519125684,55.210526315789465
1992.4726775956285,57.05263157894737
1992.4918032786886,56.68421052631578
1992.5109289617487,55.78947368421053
1992.5300546448088,53.473684210526315
1992.549180327869,54.47368421052631
1992.568306010929,53.473684210526315
1992.5874316939892,52.94736842105263
1992.6065573770493,54.73684210526316
1992.6256830601094,52.73684210526316
1992.6448087431695,55.94736842105262
1992.6639344262296,59.15789473684211
1992.6830601092897,70.05263157894736
1992.7021857923498,54.68421052631578
1992.72131147541,54.47368421052631
1992.74043715847,55.473684210526315
1992.75956284153,55.1578947368421
1992.77868852459,61.68421052631578
1992.7978142076502,58.99999999999999
1992.8169398907103,60.68421052631579
1992.8360655737704,67.10526315789473
1992.8551912568305,54.99999999999999
1992.8743169398906,60.89473684210526
1992.8934426229507,54.89473684210525
1992.9125683060108,60.84210526315788
1992.931693989071,62.63157894736842
1992.950819672131,57.78947368421053
1992.9699453551912,60.05263157894736
1992.9890710382513,56.21052631578947
1993.0082191780823,54.73684210526316
1993.027397260274,67.63157894736841
1993.0465753424658,61.63157894736842
1993.0657534246575,81.26315789473684
1993.0849315068492,57.315789473684205
1993.1041095890412,57.315789473684205
1993.123287671233,58.57894736842105
1993.145205479452,58.263157894736835
1993.1616438356164,56.421052631578945
1993.1808219178083,64.52631578947368
1993.2,68.99999999999999
1993.2191780821918,56.0
1993.2383561643835,56.94736842105263
1993.2575342465752,57.473684210526315
1993.2794520547945,62.68421052631579
1993.295890410959,61.421052631578945
1993.3150684931506,57.26315789473684
1993.3342465753424,70.73684210526316
1993.3534246575343,88.94736842105263
1993.372602739726,80.99999999999999
1993.4136986301369,87.10526315789473
1993.4301369863015,64.26315789473685
1993.4493150684932,64.05263157894737
1993.468493150685,109.10526315789473
1993.4876712328767,60.89473684210526
1993.5068493150684,59.68421052631578
1993.5260273972603,54.63157894736842
1993.545205479452,58.78947368421052
1993.5643835616438,55.210526315789465
1993.5835616438355,54.94736842105263
1993.6027397260275,54.36842105263157
1993.6219178082192,55.26315789473684
1993.641095890411,55.05263157894737
1993.6602739726027,58.73684210526316
1993.6794520547944,58.368421052631575
1993.6986301369864,59.78947368421052
1993.717808219178,63.47368421052631
1993.7369863013698,72.1578947368421
1993.7561643835616,57.421052631578945
1993.7753424657535,57.421052631578945
1993.7945205479452,55.73684210526315
1993.813698630137,54.421052631578945
1993.835616438356,53.84210526315788
1993.8520547945207,99.26315789473684
1993.8712328767124,60.1578947368421
1993.890410958904,59.263157894736835
1993.9095890410958,59.315789473684205
1993.9287671232876,61.99999999999999
1993.9479452054795,60.05263157894736
1993.9671232876713,63.10526315789473
1993.986301369863,57.36842105263158
1994.0054794520547,57.1578947368421
1994.0246575342467,58.21052631578947
1994.0438356164384,71.6842105263158
1994.0630136986301,64.78947368421052
1994.0821917808219,65.0
1994.1013698630136,70.73684210526316
1994.123287671233,58.47368421052631
1994.1397260273973,58.94736842105263
1994.158904109589,67.26315789473684
1994.1780821917807,76.21052631578947
1994.1972602739727,74.47368421052632
1994.2164383561644,78.42105263157895
1994.2356164383561,65.84210526315789
1994.2575342465752,73.4736842105263
1994.2739726027398,68.47368421052632
1994.2931506849316,69.3157894736842
1994.3123287671233,64.15789473684211
1994.331506849315,74.63157894736841
1994.3506849315067,72.78947368421052
1994.3698630136987,69.52631578947367
1994.3917808219178,103.42105263157895
1994.4082191780822,70.63157894736842
1994.427397260274,67.78947368421052
1994.4465753424658,74.73684210526315
1994.4657534246576,98.94736842105262
1994.4849315068493,86.3157894736842
1994.504109589041,61.63157894736842
1994.5232876712328,60.84210526315788
1994.5424657534247,59.57894736842104
1994.5616438356165,57.68421052631579
1994.5808219178082,55.84210526315789
1994.6,69.6842105263158
1994.6191780821919,60.63157894736841
1994.6383561643836,81.3157894736842
1994.6575342465753,105.0
1994.676712328767,61.57894736842105
1994.695890410959,58.94736842105263
1994.7150684931507,79.94736842105262
1994.7342465753425,80.68421052631578
1994.7561643835616,59.05263157894737
1994.772602739726,65.26315789473684
1994.7917808219179,62.68421052631579
1994.8109589041096,66.84210526315789
1994.8301369863013,62.63157894736842
1994.849315068493,70.57894736842104
1994.868493150685,61.157894736842096
1994.8876712328768,61.94736842105263
1994.9068493150685,56.157894736842096
1994.9260273972602,58.42105263157895
1994.945205479452,62.84210526315789
1994.964383561644,64.47368421052632
1994.986301369863,59.73684210526316
1995.0027397260274,61.10526315789473
1995.021917808219,77.21052631578948
1995.041095890411,75.4736842105263
1995.0602739726028,63.57894736842105
1995.0794520547945,80.0
1995.0986301369862,60.89473684210526
1995.1178082191782,61.57894736842105
1995.13698630137,70.78947368421052
1995.158904109589,73.89473684210526
1995.1753424657534,77.21052631578948
1995.194520547945,69.57894736842105
1995.213698630137,78.63157894736841
1995.2328767123288,84.52631578947368
1995.2520547945205,120.05263157894737
1995.2712328767122,74.57894736842105
1995.2931506849316,79.3157894736842
1995.309589041096,97.78947368421052
1995.331506849315,65.57894736842105
1995.3479452054794,72.52631578947367
1995.3671232876711,83.52631578947367
1995.386301369863,73.78947368421052
1995.4054794520548,93.36842105263158
1995.427397260274,90.63157894736841
1995.4438356164383,73.1578947368421
1995.4630136986302,63.73684210526316
1995.482191780822,60.63157894736841
1995.5013698630137,155.21052631578945
1995.5205479452054,68.89473684210526
1995.5397260273974,64.47368421052632
1995.558904109589,60.78947368421052
1995.5780821917808,59.94736842105263
1995.5972602739726,59.78947368421052
1995.6164383561643,60.52631578947368
1995.6356164383562,111.94736842105262
1995.654794520548,63.78947368421052
1995.6739726027397,86.42105263157893
1995.6931506849314,75.63157894736842
1995.7123287671234,99.94736842105263
1995.731506849315,82.99999999999999
1995.7506849315068,63.31578947368421
1995.7698630136986,66.21052631578947
1995.7890410958903,179.21052631578945
1995.8082191780823,78.05263157894737
1995.827397260274,71.84210526315789
1995.8465753424657,124.63157894736841
1995.8657534246574,91.3157894736842
1995.8849315068494,114.05263157894736
1995.9041095890411,71.21052631578947
1995.9232876712329,66.99999999999999
1995.9424657534246,70.68421052631578
1995.9616438356165,79.10526315789473
1995.986301369863,67.89473684210526
1996.0027322404371,66.57894736842104
1996.01912568306,65.78947368421052
1996.0382513661202,65.3157894736842
1996.0573770491803,64.6842105263158
1996.0765027322404,65.47368421052632
1996.0956284153006,65.05263157894737
1996.1147540983607,100.10526315789473
1996.136612021858,72.63157894736841
1996.1530054644809,67.94736842105263
1996.172131147541,65.89473684210526
1996.191256830601,65.63157894736842
1996.2103825136612,67.1578947368421
1996.2295081967213,79.68421052631578
1996.2486338797814,64.89473684210526
1996.2704918032787,77.63157894736842
1996.2868852459017,87.4736842105263
1996.3060109289618,67.36842105263158
1996.3251366120219,65.84210526315789
1996.344262295082,69.6842105263158
1996.363387978142,77.73684210526316
1996.3825136612022,71.3157894736842
1996.4043715846994,65.94736842105262
1996.4207650273224,70.63157894736842
1996.4398907103825,86.05263157894737
1996.4590163934427,84.42105263157895
1996.4781420765028,91.26315789473684
1996.4972677595629,72.94736842105262
1996.516393442623,106.94736842105263
1996.535519125683,73.3157894736842
1996.5546448087432,65.84210526315789
1996.5737704918033,63.31578947368421
1996.5928961748634,63.263157894736835
1996.6120218579235,65.89473684210526
1996.6311475409836,64.3157894736842
1996.6502732240438,124.63157894736841
1996.6693989071039,66.21052631578947
1996.688524590164,70.42105263157895
1996.707650273224,64.3157894736842
1996.7267759562842,94.4736842105263
1996.7459016393443,106.36842105263156
1996.7650273224044,91.1578947368421
1996.7841530054645,86.57894736842105
1996.8032786885246,71.3157894736842
1996.8224043715848,94.4736842105263
1996.8415300546449,67.05263157894737
1996.860655737705,66.63157894736841
1996.879781420765,96.1578947368421
1996.8989071038252,73.21052631578947
1996.9180327868853,98.05263157894736
1996.9371584699454,69.52631578947367
1996.9562841530055,63.157894736842096
1996.9754098360656,64.3157894736842
1996.9945355191257,65.47368421052632
1997.0164383561644,67.89473684210526
1997.0328767123287,65.73684210526316
1997.0520547945205,67.36842105263158
1997.0712328767124,65.10526315789474
1997.0904109589042,81.57894736842105
1997.1123287671232,74.10526315789473
1997.1287671232876,68.78947368421052
1997.1479452054793,68.57894736842104
1997.1671232876713,98.57894736842104
1997.186301369863,208.57894736842104
1997.2054794520548,171.7894736842105
1997.2246575342465,79.3157894736842
1997.2465753424658,116.10526315789473
1997.2630136986302,68.10526315789474
1997.282191780822,70.3157894736842
1997.3013698630136,83.89473684210526
1997.3205479452056,87.57894736842104
1997.3397260273973,85.26315789473684
1997.358904109589,83.3157894736842
1997.3808219178081,143.57894736842104
1997.3972602739725,75.4736842105263
1997.4164383561645,66.73684210526315
1997.4356164383562,78.47368421052632
1997.454794520548,78.10526315789473
1997.4739726027397,122.0
1997.4931506849316,76.21052631578947
1997.5123287671233,67.3157894736842
1997.531506849315,75.78947368421052
1997.5506849315068,67.78947368421052
1997.5698630136985,70.1578947368421
1997.5890410958905,63.421052631578945
1997.6082191780822,67.68421052631578
1997.627397260274,63.57894736842105
1997.6465753424657,62.89473684210526
1997.6657534246576,97.63157894736841
1997.6849315068494,101.94736842105263
1997.704109589041,79.73684210526315
1997.7232876712328,77.0
1997.7424657534248,89.05263157894736
1997.7616438356165,78.21052631578947
1997.7808219178082,103.73684210526315
1997.8,69.84210526315789
1997.8191780821917,68.73684210526315
1997.8383561643836,71.36842105263158
1997.8575342465754,70.0
1997.876712328767,78.05263157894737
1997.8958904109588,73.4736842105263
1997.9150684931508,82.94736842105263
1997.9342465753425,74.52631578947367
1997.9534246575342,73.68421052631578
1997.972602739726,77.05263157894736
1997.9917808219177,68.26315789473684
1998.0109589041097,65.52631578947368
1998.0301369863014,70.52631578947368
1998.0493150684931,69.15789473684211
1998.0684931506848,71.26315789473684
1998.0876712328768,77.0
1998.1068493150685,66.4736842105263
1998.1260273972603,77.73684210526316
1998.1479452054793,93.05263157894737
1998.164383561644,77.84210526315789
1998.1835616438357,74.3157894736842
1998.2027397260274,83.15789473684211
1998.2219178082191,67.73684210526315
1998.2410958904109,64.84210526315789
1998.2602739726028,91.47368421052632
1998.282191780822,107.4736842105263
1998.2986301369863,66.63157894736841
1998.317808219178,77.89473684210526
1998.33698630137,75.99999999999999
1998.3561643835617,69.26315789473684
1998.3753424657534,92.68421052631578
1998.3945205479451,84.73684210526316
1998.4164383561645,67.68421052631578
1998.4328767123288,77.57894736842104
1998.4520547945206,144.57894736842104
1998.4712328767123,145.1578947368421
1998.490410958904,103.52631578947368
1998.509589041096,156.05263157894734
1998.5287671232877,82.63157894736842
1998.5479452054794,65.36842105263158
1998.5671232876712,65.1578947368421
1998.5863013698631,66.05263157894736
1998.6054794520549,64.73684210526315
1998.6246575342466,93.78947368421052
1998.6438356164383,88.36842105263158
1998.66301369863,99.42105263157895
1998.682191780822,73.10526315789474
1998.7013698630137,80.63157894736841
1998.7205479452055,75.68421052631578
1998.7397260273972,109.7894736842105
1998.7589041095891,87.05263157894736
1998.7780821917809,108.05263157894736
1998.7972602739726,81.73684210526315
1998.8164383561643,92.89473684210525
1998.835616438356,113.1578947368421
1998.854794520548,87.57894736842104
1998.8739726027397,72.73684210526315
1998.8931506849315,101.89473684210526
1998.9123287671232,83.78947368421052
1998.9315068493152,116.42105263157895
1998.9506849315069,70.0
1998.9698630136986,87.3157894736842
1998.9890410958903,68.1578947368421
1999.0082191780823,66.89473684210526
1999.027397260274,68.42105263157895
1999.0465753424658,65.3157894736842
1999.0657534246575,98.84210526315788
1999.0849315068492,99.05263157894736
1999.1041095890412,82.99999999999999
1999.1260273972603,127.57894736842104
1999.1424657534246,141.89473684210526
1999.1616438356164,119.36842105263156
1999.1808219178083,82.99999999999999
1999.2,94.89473684210526
1999.2191780821918,106.05263157894737
1999.2383561643835,117.73684210526315
1999.2602739726028,97.73684210526315
1999.2767123287672,94.84210526315789
1999.295890410959,92.05263157894737
1999.3150684931506,72.57894736842105
1999.3342465753424,92.84210526315789
1999.3534246575343,77.63157894736842
1999.372602739726,171.6315789473684
1999.3945205479451,105.94736842105262
1999.4109589041095,83.78947368421052
1999.4301369863015,103.05263157894736
1999.4493150684932,99.05263157894736
1999.468493150685,74.73684210526315
1999.4876712328767,72.26315789473684
1999.5068493150684,78.89473684210526
1999.5260273972603,71.47368421052632
1999.545205479452,70.21052631578948
1999.5643835616438,68.21052631578947
1999.5835616438355,66.42105263157895
1999.6219178082192,72.3157894736842
1999.6602739726027,81.21052631578947
1999.6794520547944,95.26315789473684
1999.6986301369864,106.57894736842104
1999.717808219178,68.52631578947368
1999.7369863013698,68.10526315789474
1999.7561643835616,100.63157894736841
1999.7753424657535,127.42105263157893
1999.7945205479452,73.4736842105263
1999.813698630137,74.78947368421052
1999.835616438356,120.26315789473684
1999.8520547945207,81.05263157894737
1999.8712328767124,77.1578947368421
1999.890410958904,90.84210526315789
1999.9095890410958,98.1578947368421
1999.9287671232876,80.84210526315789
1999.9479452054795,80.42105263157895
1999.9671232876713,73.52631578947368
1999.986301369863,86.3157894736842
2000.0054644808743,69.10526315789473
2000.0245901639344,69.84210526315789
2000.0437158469945,93.3157894736842
2000.0628415300546,74.63157894736841
2000.0819672131147,78.42105263157895
2000.1010928961748,92.21052631578947
2000.120218579235,75.73684210526315
2000.139344262295,77.84210526315789
2000.1584699453551,76.42105263157895
2000.1803278688524,179.05263157894737
2000.1967213114754,79.47368421052632
2000.2158469945355,82.78947368421052
2000.2349726775956,87.63157894736841
2000.2540983606557,72.10526315789474
2000.2732240437158,70.10526315789474
2000.292349726776,79.05263157894737
2000.3142076502731,93.73684210526315
2000.3333333333333,68.05263157894736
2000.3497267759562,70.94736842105263
2000.3688524590164,76.15789473684211
2000.3879781420765,69.73684210526315
2000.4071038251366,68.68421052631578
2000.4262295081967,152.52631578947367
2000.4453551912568,181.6315789473684
2000.464480874317,83.15789473684211
2000.4726775956285,105.36842105263156
2000.483606557377,78.63157894736841
2000.5027322404371,92.94736842105263
2000.5218579234972,73.73684210526315
2000.5409836065573,77.0
2000.5601092896175,71.0
2000.5792349726776,72.78947368421052
2000.5983606557377,82.94736842105263
2000.6174863387978,68.36842105263158
2000.636612021858,75.10526315789474
2000.655737704918,90.73684210526315
2000.6748633879781,78.36842105263158
2000.6939890710382,137.94736842105263
2000.7131147540983,83.15789473684211
2000.7322404371585,68.42105263157895
2000.7513661202186,108.57894736842105
2000.7704918032787,78.99999999999999
2000.7896174863388,139.9473684210526
2000.808743169399,82.05263157894736
2000.827868852459,73.26315789473684
2000.8469945355191,79.73684210526315
2000.8661202185792,78.15789473684211
2000.8852459016393,97.42105263157895
2000.9043715846994,67.36842105263158
2000.9234972677596,68.89473684210526
2000.9426229508197,88.26315789473684
2000.9617486338798,73.3157894736842
2000.98087431694,72.73684210526315
2001.0,70.42105263157895
2001.0191780821917,70.10526315789474
2001.0383561643835,72.73684210526315
2001.0575342465754,68.68421052631578
2001.0767123287671,68.89473684210526
2001.0958904109589,69.94736842105263
2001.1150684931506,71.73684210526315
2001.1342465753426,71.89473684210526
2001.1561643835616,73.42105263157895
2001.172602739726,67.42105263157895
2001.1917808219177,68.99999999999999
2001.2109589041097,67.05263157894737
2001.2301369863014,68.73684210526315
2001.2493150684932,66.99999999999999
2001.268493150685,69.3157894736842
2001.2904109589042,72.84210526315789
2001.3068493150686,69.21052631578947
2001.3260273972603,69.36842105263158
2001.345205479452,73.3157894736842
2001.3643835616438,92.57894736842104
2001.3835616438357,81.10526315789473
2001.4027397260274,152.6315789473684
2001.4246575342465,101.94736842105263
2001.441095890411,77.57894736842104
2001.4602739726026,89.1578947368421
2001.4794520547946,121.89473684210525
2001.4986301369863,93.3157894736842
2001.517808219178,70.26315789473684
2001.5369863013698,85.26315789473684
2001.5561643835617,70.73684210526316
2001.5753424657535,71.36842105263158
2001.5945205479452,96.78947368421052
2001.613698630137,76.6842105263158
2001.6328767123289,70.52631578947368
2001.6520547945206,101.73684210526315
2001.6712328767123,93.57894736842105
2001.690410958904,112.15789473684208
2001.7095890410958,100.36842105263158
2001.7287671232878,104.36842105263158
2001.7479452054795,75.36842105263158
2001.7671232876712,69.52631578947367
2001.786301369863,70.21052631578948
2001.805479452055,75.36842105263158
2001.8246575342466,71.21052631578947
2001.8438356164384,90.26315789473684
2001.86301369863,80.0
2001.8821917808218,101.84210526315789
2001.9013698630138,85.73684210526315
2001.9205479452055,84.0
2001.9397260273972,79.63157894736841
2001.958904109589,93.36842105263158
2001.9835616438356,91.47368421052632
2002.0027397260274,82.94736842105263
2002.0164383561644,98.89473684210526
2002.035616438356,85.57894736842104
2002.054794520548,72.21052631578948
2002.0739726027398,68.78947368421052
2002.0931506849315,78.73684210526315
2002.1150684931506,77.1578947368421
2002.131506849315,107.57894736842105
2002.150684931507,74.05263157894737
2002.1698630136987,78.84210526315789
2002.1890410958904,73.42105263157895
2002.2082191780821,80.21052631578947
2002.227397260274,74.1578947368421
2002.2465753424658,76.47368421052632
2002.2657534246575,71.57894736842105
2002.2849315068493,84.3157894736842
2002.304109589041,91.05263157894736
2002.323287671233,73.05263157894736
2002.3424657534247,155.73684210526315
2002.3616438356164,93.10526315789473
2002.3835616438357,71.3157894736842
2002.4,79.47368421052632
2002.4191780821918,79.94736842105262
2002.4383561643835,76.21052631578947
2002.4575342465753,104.94736842105263
2002.4767123287672,97.3157894736842
2002.495890410959,72.84210526315789
2002.5150684931507,72.89473684210526
2002.5342465753424,79.63157894736841
2002.5534246575342,79.26315789473684
2002.572602739726,73.42105263157895
2002.5917808219178,76.15789473684211
2002.6109589041096,73.94736842105263
2002.6301369863013,81.1578947368421
2002.6493150684933,105.94736842105262
2002.668493150685,143.21052631578948
2002.6876712328767,89.21052631578947
2002.7068493150684,77.21052631578948
2002.7260273972602,82.42105263157895
2002.7452054794521,81.73684210526315
2002.7643835616439,80.73684210526315
2002.7835616438356,84.36842105263158
2002.8027397260273,74.73684210526315
2002.8219178082193,80.57894736842104
2002.841095890411,79.84210526315789
2002.8602739726027,79.05263157894737
2002.8794520547945,74.10526315789473
2002.8986301369864,81.94736842105263
2002.9178082191781,86.36842105263158
2002.9369863013699,88.1578947368421
2002.9561643835616,103.10526315789474
2002.9753424657533,81.1578947368421
2002.9945205479453,76.94736842105263
2003.0164383561644,80.89473684210526
2003.0328767123287,78.57894736842105
2003.0520547945205,79.47368421052632
2003.0712328767124,85.26315789473684
2003.0904109589042,79.36842105263158
2003.109589041096,77.89473684210526
2003.1287671232876,74.94736842105263
2003.1479452054793,73.1578947368421
2003.1698630136987,81.73684210526315
2003.186301369863,77.26315789473684
2003.2054794520548,76.63157894736841
2003.2246575342465,72.68421052631578
2003.2438356164384,83.3157894736842
2003.2630136986302,76.47368421052632
2003.282191780822,81.42105263157895
2003.304109589041,80.52631578947368
2003.3205479452056,78.89473684210526
2003.3397260273973,153.42105263157893
2003.358904109589,97.89473684210526
2003.3780821917808,83.3157894736842
2003.3972602739725,88.21052631578947
2003.4164383561645,73.36842105263158
2003.4383561643835,72.42105263157893
2003.454794520548,125.94736842105262
2003.4739726027397,149.1578947368421
2003.4931506849316,174.57894736842104
2003.5123287671233,123.1578947368421
2003.531506849315,82.78947368421052
2003.5506849315068,78.89473684210526
2003.5698630136985,81.84210526315789
2003.5890410958905,74.21052631578947
2003.6082191780822,80.26315789473684
2003.627397260274,132.73684210526315
2003.6465753424657,91.73684210526316
2003.6657534246576,88.1578947368421
2003.6849315068494,119.31578947368419
2003.704109589041,80.68421052631578
2003.7232876712328,97.10526315789473
2003.7424657534248,90.36842105263158
2003.7616438356165,104.84210526315789
2003.7808219178082,79.26315789473684
2003.8,88.68421052631578
2003.8191780821917,85.10526315789473
2003.8383561643836,80.21052631578947
2003.8575342465754,80.0
2003.876712328767,76.6842105263158
2003.8958904109588,75.52631578947368
2003.9150684931508,75.99999999999999
2003.9342465753425,80.57894736842104
2003.9534246575342,77.47368421052632
2003.972602739726,89.26315789473684
2003.9917808219177,97.21052631578947
2004.0109289617487,135.1578947368421
2004.0300546448088,98.10526315789474
2004.049180327869,95.84210526315789
2004.068306010929,95.3157894736842
2004.0874316939892,78.57894736842105
2004.1065573770493,128.21052631578945
2004.1256830601094,83.89473684210526
2004.1448087431695,90.78947368421052
2004.1639344262296,103.57894736842104
2004.1830601092897,82.42105263157895
2004.2021857923498,76.89473684210526
2004.22131147541,84.63157894736842
2004.24043715847,80.63157894736841
2004.25956284153,98.89473684210526
2004.2814207650274,78.78947368421052
2004.2978142076502,78.26315789473684
2004.3169398907103,81.73684210526315
2004.3360655737704,122.0
2004.3551912568305,148.52631578947367
2004.3743169398906,84.84210526315789
2004.3934426229507,109.05263157894737
2004.4153005464482,137.42105263157896
2004.431693989071,109.57894736842104
2004.450819672131,126.36842105263156
2004.4699453551912,96.21052631578947
2004.4890710382513,123.73684210526315
2004.5081967213114,91.05263157894736
2004.5273224043715,84.84210526315789
2004.5464480874316,78.0
2004.5655737704917,82.36842105263158
2004.5846994535518,76.94736842105263
2004.603825136612,81.26315789473684
2004.622950819672,79.47368421052632
2004.6420765027322,81.84210526315789
2004.6612021857923,77.36842105263158
2004.6803278688524,77.05263157894736
2004.6994535519125,87.21052631578947
2004.7185792349726,118.78947368421052
2004.7377049180327,151.94736842105263
2004.7568306010928,80.0
2004.775956284153,81.10526315789473
2004.795081967213,78.05263157894737
2004.8142076502731,78.05263157894737
2004.8360655737704,82.0
2004.8524590163934,80.52631578947368
2004.8715846994535,91.52631578947368
2004.8907103825136,93.36842105263158
2004.9098360655737,87.94736842105263
2004.9289617486338,79.3157894736842
2004.948087431694,77.47368421052632
2004.948087431694,77.47368421052632
2004.967213114754,77.89473684210526
2004.9863387978141,80.36842105263158
2005.0054794520547,78.84210526315789
2005.0246575342467,121.57894736842104
2005.0438356164384,100.10526315789473
2005.0630136986301,82.68421052631578
2005.0821917808219,86.36842105263158
2005.1013698630136,88.89473684210526
2005.1205479452055,85.42105263157895
2005.1397260273973,88.21052631578947
2005.158904109589,81.84210526315789
2005.1780821917807,81.84210526315789
2005.1972602739727,96.1578947368421
2005.2164383561644,79.47368421052632
2005.2383561643835,125.26315789473684
2005.2547945205479,90.52631578947367
2005.2739726027398,108.89473684210526
2005.2931506849316,105.99999999999999
2005.3123287671233,77.63157894736842
2005.331506849315,106.42105263157893
2005.3506849315067,83.3157894736842
2005.372602739726,78.89473684210526
2005.3890410958904,81.84210526315789
2005.4082191780822,80.84210526315789
2005.427397260274,79.78947368421052
2005.4465753424658,97.21052631578947
2005.4657534246576,97.89473684210526
2005.4849315068493,89.1578947368421
2005.504109589041,163.89473684210526
2005.5232876712328,108.84210526315789
2005.5424657534247,118.31578947368422
2005.5616438356165,76.36842105263158
2005.5808219178082,77.63157894736842
2005.6,75.94736842105263
2005.6191780821919,74.94736842105263
2005.6383561643836,75.05263157894736
2005.6575342465753,74.21052631578947
2005.676712328767,73.42105263157895
2005.695890410959,79.3157894736842
2005.7150684931507,76.57894736842105
2005.7342465753425,111.94736842105262
2005.7561643835616,87.68421052631578
2005.772602739726,79.57894736842105
2005.7917808219179,77.57894736842104
2005.8109589041096,75.63157894736842
2005.8301369863013,78.52631578947368
2005.849315068493,79.36842105263158
2005.868493150685,81.47368421052632
2005.8876712328768,82.0
2005.9068493150685,78.36842105263158
2005.9260273972602,97.84210526315789
2005.945205479452,82.57894736842104
2005.964383561644,78.15789473684211
2005.986301369863,78.47368421052632
2006.0027397260274,77.21052631578948
2006.021917808219,74.68421052631578
2006.041095890411,76.52631578947367
2006.0602739726028,77.3157894736842
2006.0794520547945,79.73684210526315
2006.0986301369862,111.42105263157895
2006.1178082191782,97.26315789473684
2006.13698630137,86.57894736842105
2006.1561643835616,85.26315789473684
2006.1753424657534,86.3157894736842
2006.194520547945,80.42105263157895
2006.213698630137,80.1578947368421
2006.2328767123288,77.47368421052632
2006.2520547945205,82.0
2006.2712328767122,77.52631578947368
2006.2904109589042,121.89473684210525
2006.309589041096,116.36842105263156
2006.3287671232877,79.21052631578947
2006.3479452054794,204.68421052631575
2006.3671232876711,81.10526315789473
2006.386301369863,133.57894736842104
2006.4054794520548,103.63157894736842
2006.4246575342465,78.36842105263158
2006.4438356164383,75.94736842105263
2006.4630136986302,81.84210526315789
2006.482191780822,93.78947368421052
2006.5013698630137,83.84210526315789
2006.5205479452054,80.4736842105263
2006.5397260273974,76.73684210526315
2006.558904109589,72.63157894736841
2006.5780821917808,76.6842105263158
2006.5972602739726,78.21052631578947
2006.6164383561643,74.68421052631578
2006.6356164383562,114.57894736842104
2006.654794520548,105.21052631578948
2006.6739726027397,91.52631578947368
2006.6931506849314,75.05263157894736
2006.7123287671234,74.57894736842105
2006.731506849315,147.1052631578947
2006.7506849315068,92.4736842105263
2006.7698630136986,76.94736842105263
2006.7890410958903,75.73684210526315
2006.8082191780823,82.57894736842104
2006.827397260274,86.89473684210526
2006.8465753424657,94.68421052631578
2006.8657534246574,81.89473684210526
2006.8849315068494,80.52631578947368
2006.9041095890411,74.42105263157895
2006.9232876712329,95.10526315789473
2006.9424657534246,88.89473684210526
2006.9616438356165,79.57894736842105
2006.9835616438356,75.1578947368421
2007.0,94.52631578947368
2007.0191780821917,81.73684210526315
2007.0383561643835,77.42105263157895
2007.0575342465754,81.05263157894737
2007.0767123287671,80.42105263157895
2007.0958904109589,86.78947368421052
2007.1150684931506,82.57894736842104
2007.1342465753426,77.10526315789474
2007.1534246575343,77.1578947368421
2007.172602739726,77.3157894736842
2007.1917808219177,75.57894736842104
2007.2109589041097,77.26315789473684
2007.2301369863014,80.36842105263158
2007.2493150684932,76.94736842105263
2007.268493150685,79.21052631578947
2007.2876712328766,78.15789473684211
2007.3068493150686,83.6842105263158
2007.3260273972603,83.52631578947367
2007.3643835616438,124.73684210526315
2007.3835616438357,109.3157894736842
2007.4027397260274,83.42105263157895
2007.4219178082192,80.68421052631578
2007.441095890411,86.73684210526315
2007.4602739726026,86.26315789473684
2007.4794520547946,96.0
2007.4986301369863,77.36842105263158
2007.517808219178,79.52631578947367
2007.5369863013698,77.89473684210526
2007.5561643835617,79.68421052631578
2007.5753424657535,83.05263157894737
2007.5945205479452,77.47368421052632
2007.613698630137,78.89473684210526
2007.6328767123289,104.42105263157895
2007.6520547945206,82.1578947368421
2007.6712328767123,110.6842105263158
2007.690410958904,82.99999999999999
2007.7095890410958,79.1578947368421
2007.7287671232878,82.78947368421052
2007.7479452054795,77.84210526315789
2007.7671232876712,79.94736842105262
2007.786301369863,77.68421052631578
2007.805479452055,77.36842105263158
2007.8246575342466,81.10526315789473
2007.8438356164384,101.4736842105263
2007.86301369863,79.78947368421052
2007.8821917808218,78.36842105263158
2007.9013698630138,91.10526315789474
2007.9205479452055,83.52631578947367
2007.9397260273972,80.4736842105263
2007.958904109589,76.3157894736842
2007.986301369863,76.05263157894737
2008.0027322404371,77.57894736842104
2008.016393442623,90.94736842105263
2008.035519125683,75.73684210526315
2008.0546448087432,78.57894736842105
2008.0737704918033,123.47368421052632
2008.0928961748634,81.68421052631578
2008.1120218579235,80.89473684210526
2008.1311475409836,74.84210526315789
2008.1502732240438,74.52631578947367
2008.1693989071039,82.68421052631578
2008.188524590164,75.05263157894736
2008.207650273224,83.6842105263158
2008.2267759562842,85.73684210526315
2008.2459016393443,116.68421052631578
2008.2650273224044,99.10526315789473
2008.2841530054645,82.1578947368421
2008.3032786885246,126.26315789473684
2008.3224043715848,80.4736842105263
2008.3415300546449,82.0
2008.363387978142,81.42105263157895
2008.379781420765,79.78947368421052
2008.3989071038252,80.78947368421052
2008.4180327868853,170.6315789473684
2008.4371584699454,86.84210526315789
2008.4562841530055,88.1578947368421
2008.4754098360656,122.4736842105263
2008.4945355191257,85.84210526315789
2008.5136612021859,79.10526315789473
2008.532786885246,77.63157894736842
2008.551912568306,78.78947368421052
2008.5710382513662,75.36842105263158
2008.5901639344263,77.1578947368421
2008.6092896174864,75.73684210526315
2008.6284153005465,75.05263157894736
2008.6475409836066,73.42105263157895
2008.6666666666667,72.47368421052632
2008.6857923497269,74.1578947368421
2008.704918032787,75.94736842105263
2008.724043715847,77.42105263157895
2008.7431693989072,77.10526315789474
2008.7622950819673,73.68421052631578
2008.7814207650274,73.68421052631578
2008.8005464480875,76.6842105263158
2008.8196721311476,92.10526315789473
2008.8387978142077,79.52631578947367
2008.8579234972678,89.52631578947368
2008.877049180328,83.84210526315789
2008.896174863388,74.89473684210526
2008.9153005464482,75.52631578947368
2008.9344262295083,75.21052631578947
2008.9535519125684,74.42105263157895
2008.9726775956285,73.52631578947368
2008.9918032786886,73.0
2009.0109589041097,74.21052631578947
2009.0301369863014,78.3157894736842
2009.0493150684931,84.94736842105263
2009.0684931506848,86.84210526315789
2009.0876712328768,78.26315789473684
2009.1068493150685,83.10526315789473
2009.1260273972603,107.4736842105263
2009.145205479452,207.84210526315786
2009.164383561644,159.4736842105263
2009.1835616438357,81.94736842105263
2009.2027397260274,81.52631578947367
2009.2219178082191,86.68421052631578
2009.2410958904109,80.3157894736842
2009.2602739726028,74.57894736842105
2009.2794520547945,104.78947368421052
2009.2986301369863,85.0
2009.317808219178,129.73684210526315
2009.33698630137,98.78947368421052
2009.3561643835617,86.89473684210526
2009.3753424657534,102.21052631578947
2009.3945205479451,112.0
2009.4136986301369,84.42105263157895
2009.4328767123288,125.31578947368419
2009.4520547945206,173.10526315789474
2009.4712328767123,79.63157894736841
2009.490410958904,79.42105263157893
2009.509589041096,84.36842105263158
2009.5287671232877,78.36842105263158
2009.5479452054794,75.78947368421052
2009.5671232876712,76.36842105263158
2009.5863013698631,78.78947368421052
2009.6054794520549,74.84210526315789
2009.6246575342466,89.52631578947368
2009.6438356164383,82.68421052631578
2009.66301369863,155.42105263157893
2009.682191780822,97.26315789473684
2009.7013698630137,77.1578947368421
2009.7205479452055,126.31578947368419
2009.7397260273972,84.3157894736842
2009.7589041095891,90.42105263157895
2009.7780821917809,77.57894736842104
2009.7972602739726,76.15789473684211
2009.8164383561643,74.84210526315789
2009.835616438356,76.36842105263158
2009.854794520548,74.21052631578947
2009.8739726027397,71.10526315789473
2009.8931506849315,72.94736842105262
2009.9123287671232,70.84210526315789
2009.9506849315069,70.84210526315789
2009.9698630136986,73.68421052631578
2009.9890410958903,70.68421052631578
2010.0082191780823,76.73684210526315
2010.027397260274,73.68421052631578
2010.0465753424658,72.57894736842105
2010.0657534246575,91.63157894736842
2010.0849315068492,101.52631578947368
2010.1041095890412,80.89473684210526
2010.1260273972603,97.42105263157895
2010.1424657534246,75.10526315789474
2010.1616438356164,82.63157894736842
2010.1808219178083,81.1578947368421
2010.2,97.05263157894737
2010.2191780821918,76.57894736842105
2010.2383561643835,90.6842105263158
2010.2602739726028,90.6842105263158
2010.2767123287672,81.36842105263158
2010.295890410959,99.73684210526315
2010.3150684931506,131.1578947368421
2010.3342465753424,84.21052631578948
2010.3534246575343,97.73684210526315
2010.372602739726,102.26315789473684
2010.3945205479451,116.73684210526315
2010.4109589041095,94.21052631578947
2010.4301369863015,88.10526315789473
2010.4493150684932,81.1578947368421
2010.468493150685,78.84210526315789
2010.4876712328767,87.63157894736841
2010.5068493150684,100.63157894736841
2010.5260273972603,78.21052631578947
2010.545205479452,79.42105263157893
2010.5643835616438,84.47368421052632
2010.5835616438355,78.21052631578947
2010.6027397260275,74.10526315789473
2010.6219178082192,84.36842105263158
2010.641095890411,77.21052631578948
2010.6602739726027,75.36842105263158
2010.6794520547944,80.89473684210526
2010.6986301369864,84.94736842105263
2010.717808219178,78.63157894736841
2010.7369863013698,100.05263157894737
2010.7561643835616,88.78947368421052
2010.7753424657535,75.84210526315789
2010.7945205479452,82.05263157894736
2010.813698630137,74.10526315789473
2010.835616438356,77.42105263157895
2010.8520547945207,79.36842105263158
2010.8712328767124,78.26315789473684
2010.890410958904,78.52631578947368
2010.9095890410958,77.94736842105263
2010.9287671232876,77.21052631578948
2010.9479452054795,72.84210526315789
2010.9671232876713,74.63157894736841
2010.986301369863,76.6842105263158
2011.0054794520547,75.89473684210526
2011.0246575342467,79.21052631578947
2011.0438356164384,78.94736842105263
2011.0630136986301,91.3157894736842
2011.0821917808219,79.52631578947367
2011.1013698630136,72.1578947368421
2011.1205479452055,74.63157894736841
2011.1397260273973,85.3157894736842
2011.158904109589,78.05263157894737
2011.1780821917807,76.6842105263158
2011.1972602739727,111.21052631578947
2011.2164383561644,80.42105263157895
2011.2356164383561,77.05263157894736
2011.2547945205479,93.36842105263158
2011.2739726027398,90.6842105263158
2011.2931506849316,79.36842105263158
2011.3123287671233,76.84210526315789
2011.331506849315,83.94736842105263
2011.3506849315067,109.52631578947367
2011.3698630136987,96.0
2011.3890410958904,90.10526315789473
2011.4082191780822,88.68421052631578
2011.427397260274,91.26315789473684
2011.4493150684932,76.84210526315789
2011.4657534246576,78.47368421052632
2011.4849315068493,89.52631578947368
2011.504109589041,78.05263157894737
2011.5232876712328,76.84210526315789
2011.5424657534247,87.42105263157895
2011.5616438356165,81.1578947368421
2011.5808219178082,77.42105263157895
2011.6,82.21052631578947
2011.6191780821919,73.63157894736841
2011.6383561643836,73.63157894736841
2011.6575342465753,75.73684210526315
2011.676712328767,72.42105263157893
2011.695890410959,82.1578947368421
2011.7150684931507,103.26315789473684
2011.7342465753425,79.63157894736841
2011.7561643835616,100.73684210526315
2011.772602739726,99.36842105263156
2011.7917808219179,98.21052631578948
2011.8109589041096,78.63157894736841
2011.8301369863013,72.36842105263158
2011.849315068493,76.78947368421052
2011.868493150685,74.89473684210526
2011.8876712328768,87.99999999999999
2011.9068493150685,83.94736842105263
2011.9260273972602,95.3157894736842
2011.945205479452,90.26315789473684
2011.964383561644,111.94736842105262
2011.986301369863,86.3157894736842
2012.0027322404371,77.57894736842104
2012.0218579234972,77.3157894736842
2012.0409836065573,80.57894736842104
2012.0601092896175,94.10526315789473
2012.0792349726776,77.1578947368421
2012.0983606557377,78.3157894736842
2012.1174863387978,80.26315789473684
2012.139344262295,75.99999999999999
2012.155737704918,81.36842105263158
2012.1748633879781,114.63157894736841
2012.1939890710382,85.99999999999999
2012.2131147540983,76.6842105263158
2012.2322404371585,76.94736842105263
2012.2513661202186,81.47368421052632
2012.2732240437158,89.36842105263158
2012.2896174863388,84.3157894736842
2012.308743169399,100.78947368421052
2012.327868852459,94.42105263157895
2012.3469945355191,112.73684210526315
2012.3661202185792,82.78947368421052
2012.3852459016393,91.10526315789474
2012.4071038251366,123.52631578947367
2012.4234972677596,78.36842105263158
2012.4426229508197,102.84210526315789
2012.4617486338798,77.36842105263158
2012.48087431694,76.21052631578947
2012.5,77.52631578947368
2012.51912568306,81.3157894736842
2012.5382513661202,74.78947368421052
2012.5573770491803,74.84210526315789
2012.5765027322404,74.42105263157895
2012.5956284153006,73.4736842105263
2012.6147540983607,73.84210526315789
2012.6338797814208,79.36842105263158
2012.6530054644809,79.42105263157893
2012.672131147541,74.94736842105263
2012.691256830601,74.26315789473684
2012.7103825136612,85.26315789473684
2012.7295081967213,126.10526315789473
2012.7486338797814,104.42105263157895
2012.7677595628415,81.52631578947367
2012.7868852459017,84.21052631578948
2012.8060109289618,76.36842105263158
2012.8251366120219,84.3157894736842
2012.844262295082,105.73684210526315
2012.863387978142,79.47368421052632
2012.8825136612022,77.10526315789474
2012.9016393442623,89.78947368421052
2012.9207650273224,90.21052631578947
2012.9398907103825,77.36842105263158
2012.9590163934427,75.78947368421052
2012.9972677595629,75.63157894736842
2013.0164383561644,81.1578947368421
2013.035616438356,84.1578947368421
2013.054794520548,113.63157894736841
2013.0739726027398,79.68421052631578
2013.0931506849315,83.84210526315789
2013.1150684931506,78.05263157894737
2013.131506849315,75.89473684210526
2013.150684931507,73.68421052631578
2013.1698630136987,71.63157894736841
2013.1890410958904,73.94736842105263
2013.2082191780821,74.1578947368421
2013.227397260274,73.1578947368421
2013.2493150684932,73.10526315789474
2013.2657534246575,73.63157894736841
2013.2849315068493,73.42105263157895
2013.304109589041,76.05263157894737
2013.323287671233,103.05263157894736
2013.3424657534247,92.94736842105263
2013.3616438356164,98.05263157894736
2013.3835616438357,80.57894736842104
2013.4,83.15789473684211
2013.4191780821918,75.1578947368421
2013.4383561643835,75.0
2013.4575342465753,77.05263157894736
2013.4767123287672,100.68421052631578
2013.495890410959,202.89473684210526
2013.5150684931507,75.36842105263158
2013.5342465753424,76.10526315789473
2013.5534246575342,74.52631578947367
2013.572602739726,74.1578947368421
2013.5917808219178,99.89473684210525
2013.6109589041096,98.89473684210526
2013.6301369863013,112.36842105263156
2013.6493150684933,167.73684210526315
2013.668493150685,91.36842105263158
2013.6876712328767,133.1052631578947
2013.7068493150684,105.7894736842105
2013.7260273972602,84.42105263157895
2013.7452054794521,82.05263157894736
2013.7643835616439,83.15789473684211
2013.7835616438356,112.63157894736842
2013.8027397260273,72.05263157894737
2013.8219178082193,87.84210526315789
2013.841095890411,80.63157894736841
2013.8602739726027,87.10526315789473
2013.8794520547945,85.78947368421052
2013.8986301369864,87.10526315789473
2013.9178082191781,172.89473684210526
2013.9369863013699,176.47368421052633
2013.9561643835616,78.15789473684211
2013.9753424657533,77.21052631578948
2013.9945205479453,76.10526315789473
2014.0164383561644,74.63157894736841
2014.0328767123287,75.1578947368421
2014.0520547945205,75.52631578947368
2014.0712328767124,75.10526315789474
2014.0904109589042,74.05263157894737
2014.109589041096,88.68421052631578
2014.1287671232876,76.47368421052632
2014.1479452054793,86.89473684210526
2014.1698630136987,83.05263157894737
2014.186301369863,243.47368421052633
2014.2054794520548,181.0
2014.2246575342465,93.52631578947367
2014.2438356164384,170.36842105263156
2014.2630136986302,113.05263157894737
2014.282191780822,88.3157894736842
2014.304109589041,96.52631578947368
2014.3205479452056,93.78947368421052
2014.3397260273973,79.36842105263158
2014.358904109589,98.10526315789474
2014.3780821917808,81.84210526315789
2014.3972602739725,120.1578947368421
2014.4164383561645,81.52631578947367
2014.4383561643835,87.57894736842104
2014.454794520548,79.10526315789473
2014.4739726027397,86.78947368421052
2014.4931506849316,86.05263157894737
2014.5123287671233,107.3157894736842
2014.531506849315,90.89473684210526
2014.5506849315068,78.89473684210526
2014.5698630136985,83.36842105263158
2014.5890410958905,82.94736842105263
2014.6082191780822,85.68421052631578
2014.627397260274,106.57894736842104
2014.6465753424657,74.63157894736841
2014.6657534246576,91.0
2014.6849315068494,82.52631578947368
2014.704109589041,74.68421052631578
2014.7232876712328,74.84210526315789
2014.7424657534248,73.21052631578947
2014.7616438356165,72.10526315789474
2014.7808219178082,73.68421052631578
2014.8,78.10526315789473
2014.8191780821917,74.84210526315789
2014.8383561643836,78.05263157894737
2014.8575342465754,71.15789473684211
2014.876712328767,97.52631578947367
2014.8958904109588,75.52631578947368
2014.9150684931508,78.47368421052632
2014.9342465753425,91.0
2014.9534246575342,123.10526315789473
2014.972602739726,94.73684210526315
2014.9917808219177,85.10526315789473
2015.0109589041097,83.57894736842105
2015.0301369863014,78.63157894736841
2015.0493150684931,83.10526315789473
2015.0684931506848,104.26315789473684
2015.0876712328768,79.57894736842105
2015.1068493150685,75.42105263157895
2015.1287671232876,74.89473684210526
2015.145205479452,86.1578947368421
2015.164383561644,87.4736842105263
2015.1835616438357,77.78947368421052
2015.2027397260274,75.84210526315789
2015.2219178082191,95.1578947368421
2015.2410958904109,127.3157894736842
2015.2630136986302,78.3157894736842
2015.2794520547945,85.26315789473684
2015.2986301369863,75.26315789473684
2015.317808219178,93.94736842105262
2015.33698630137,77.21052631578948
2015.3561643835617,138.78947368421052
2015.3753424657534,87.94736842105263
2015.3972602739725,85.21052631578947
2015.4136986301369,92.57894736842104
2015.4328767123288,80.05263157894736
2015.4520547945206,98.94736842105262
2015.4712328767123,80.42105263157895
2015.490410958904,137.3157894736842
2015.495890410959,95.05263157894737
2015.509589041096,133.52631578947367
2015.5287671232877,89.36842105263158
2015.5479452054794,134.36842105263156
2015.5671232876712,132.89473684210526
2015.5863013698631,92.73684210526315
2015.6054794520549,112.57894736842104
2015.6246575342466,86.26315789473684
2015.6438356164383,74.73684210526315
2015.66301369863,125.84210526315789
2015.682191780822,78.47368421052632
2015.7013698630137,80.10526315789474
2015.7205479452055,82.21052631578947
2015.7397260273972,78.52631578947368
2015.7589041095891,76.36842105263158
2015.7780821917809,80.84210526315789
2015.7972602739726,81.63157894736841
2015.8164383561643,76.52631578947367
2015.835616438356,74.73684210526315
2015.854794520548,74.94736842105263
2015.8739726027397,80.99999999999999
2015.8931506849315,84.63157894736842
2015.9123287671232,75.36842105263158
2015.9315068493152,91.89473684210526
2015.9506849315069,75.57894736842104
2015.9698630136986,74.84210526315789
2015.9890410958903,76.6842105263158
2016.0081967213114,77.1578947368421
2016.0273224043715,84.26315789473684
2016.0464480874316,87.68421052631578
2016.0655737704917,87.36842105263158
2016.0846994535518,98.21052631578948
2016.1065573770493,87.42105263157895
2016.122950819672,93.10526315789473
2016.1420765027322,85.84210526315789
2016.1612021857923,91.94736842105263
2016.1803278688524,87.26315789473684
2016.1994535519125,83.21052631578947
2016.2185792349726,96.42105263157895
2016.24043715847,89.84210526315789
2016.2568306010928,94.3157894736842
2016.275956284153,90.26315789473684
2016.295081967213,132.89473684210526
2016.3142076502731,135.52631578947367
2016.3333333333333,88.94736842105263
2016.3524590163934,84.0
2016.3743169398906,137.68421052631578
2016.3907103825136,111.73684210526316
2016.4098360655737,114.36842105263158
2016.4289617486338,113.26315789473684
2016.448087431694,94.52631578947368
2016.467213114754,108.21052631578947
2016.4863387978141,86.47368421052632
2016.5054644808743,215.36842105263153
2016.5245901639344,107.68421052631577
2016.5437158469945,97.94736842105263
2016.5628415300546,187.52631578947367
2016.5819672131147,239.4736842105263
2016.6010928961748,165.52631578947367
2016.620218579235,107.05263157894736
2016.639344262295,101.26315789473684
2016.6584699453551,105.68421052631578
2016.6775956284152,92.3157894736842
2016.6967213114754,85.10526315789473
2016.7158469945355,84.26315789473684
2016.7349726775956,80.84210526315789
2016.7568306010928,82.57894736842104
2016.7732240437158,82.10526315789474
2016.792349726776,78.52631578947368
2016.811475409836,79.57894736842105
2016.8306010928961,77.89473684210526
2016.8497267759562,78.94736842105263
2016.8688524590164,76.21052631578947
2016.9071038251366,78.84210526315789
2016.9262295081967,75.78947368421052
2016.9453551912568,81.52631578947367
2016.964480874317,79.47368421052632
2016.9863387978141,77.78947368421052
2017.0027397260274,79.73684210526315
2017.021917808219,94.0
2017.041095890411,79.57894736842105
2017.0602739726028,80.4736842105263
2017.0794520547945,75.0
2017.0986301369862,82.36842105263158
2017.1178082191782,109.0
2017.13698630137,87.0
2017.158904109589,75.99999999999999
2017.1753424657534,98.57894736842104
2017.194520547945,79.63157894736841
2017.213698630137,79.78947368421052
2017.2328767123288,80.57894736842104
2017.2520547945205,81.3157894736842
2017.2712328767122,142.4736842105263
2017.2931506849316,79.73684210526315
2017.309589041096,82.89473684210526
2017.331506849315,77.3157894736842
2017.3479452054794,84.3157894736842
2017.3671232876711,90.78947368421052
2017.386301369863,110.84210526315788
2017.4054794520548,192.26315789473682
2017.427397260274,80.78947368421052
2017.4438356164383,210.94736842105263
2017.4630136986302,196.0
2017.482191780822,105.42105263157895
2017.5013698630137,128.94736842105263
2017.5205479452054,98.42105263157895
2017.5397260273974,87.89473684210526
2017.558904109589,110.52631578947368
2017.5780821917808,115.78947368421053
2017.5972602739726,103.68421052631578
2017.6164383561643,101.05263157894736
2017.6356164383562,166.31578947368422
2017.654794520548,111.57894736842105
2017.6739726027397,183.15789473684208
2017.6931506849314,84.73684210526316
2017.7123287671234,95.78947368421052
2017.731506849315,87.89473684210526
2017.7506849315068,85.78947368421052
2017.7698630136986,82.63157894736842
2017.7890410958903,77.36842105263158
2017.7890410958903,77.36842105263158
2017.8082191780823,77.89473684210526
2017.827397260274,78.94736842105263
2017.8465753424657,77.89473684210526
2017.8657534246574,79.47368421052632
2017.8849315068494,77.36842105263158
2017.9041095890411,76.84210526315789
2017.9232876712329,76.84210526315789
2017.9424657534246,80.0
2017.9616438356165,75.78947368421052
2017.986301369863,75.26315789473684
2018.0027397260274,76.84210526315789
2018.0191780821917,75.26315789473684
2018.0383561643835,73.1578947368421
2018.0575342465754,75.78947368421052
2018.0767123287671,82.63157894736842
2018.0958904109589,78.94736842105263
2018.1178082191782,73.68421052631578
2018.1342465753426,75.78947368421052
2018.1534246575343,84.21052631578948
2018.172602739726,80.52631578947368
2018.1917808219177,120.52631578947368
2018.2109589041097,114.73684210526316
2018.2301369863014,103.68421052631578
2018.2520547945205,83.6842105263158
2018.268493150685,78.42105263157895
2018.2876712328766,81.05263157894737
2018.3068493150686,82.63157894736842
2018.3260273972603,126.31578947368419
2018.345205479452,100.52631578947367
2018.3643835616438,76.84210526315789
2018.386301369863,75.26315789473684
2018.4027397260274,74.21052631578947
2018.4219178082192,73.68421052631578
2018.441095890411,76.3157894736842
2018.4602739726026,84.21052631578948
2018.4794520547946,75.78947368421052
2018.4986301369863,87.89473684210526
2018.517808219178,78.94736842105263
2018.5369863013698,144.73684210526315
2018.5561643835617,84.73684210526316
2018.5753424657535,79.47368421052632
2018.5945205479452,112.10526315789473
2018.613698630137,192.1052631578947
2018.6328767123289,125.78947368421052
2018.6520547945206,142.6315789473684
2018.6712328767123,89.99999999999999
2018.690410958904,84.21052631578948
2018.7095890410958,80.52631578947368
2018.7287671232878,83.6842105263158
2018.7479452054795,78.42105263157895
2018.7671232876712,75.26315789473684
2018.786301369863,75.26315789473684
2018.805479452055,78.94736842105263
2018.8246575342466,77.89473684210526
2018.8438356164384,74.73684210526315
2018.86301369863,76.3157894736842
2018.8821917808218,76.84210526315789
2018.9013698630138,78.42105263157895
2018.9205479452055,79.47368421052632
2018.9397260273972,87.89473684210526
2018.958904109589,83.6842105263158
2018.986301369863,88.42105263157895
2019.0027397260274,82.3157894736842
2019.0164383561644,78.6842105263158
2019.035616438356,80.1578947368421
2019.054794520548,79.94736842105262
2019.0739726027398,76.3157894736842
2019.0931506849315,75.10526315789474
2019.1123287671232,77.1578947368421
2019.131506849315,82.4736842105263
2019.150684931507,88.1578947368421
2019.1698630136987,77.21052631578948
2019.1890410958904,88.42105263157895
2019.2082191780821,96.36842105263158
2019.227397260274,81.73684210526315
2019.2465753424658,80.99999999999999
2019.2657534246575,76.94736842105263
2019.2849315068493,75.10526315789474
2019.3068493150686,90.21052631578947
2019.323287671233,103.89473684210526
2019.3424657534247,86.94736842105262
2019.3616438356164,76.52631578947367
2019.3808219178081,79.26315789473684
2019.4,91.05263157894736
2019.4191780821918,74.47368421052632
2019.441095890411,85.10526315789473
2019.4575342465753,128.57894736842104
2019.4767123287672,89.4736842105263
2019.495890410959,100.84210526315789
2019.5150684931507,84.10526315789474
2019.5342465753424,79.89473684210526
2019.5534246575342,86.21052631578947
2019.572602739726,101.26315789473684
2019.5917808219178,83.6842105263158
2019.6109589041096,86.3157894736842
2019.6301369863013,101.57894736842104
2019.6493150684933,193.68421052631578
2019.668493150685,125.26315789473684
2019.6876712328767,160.0
2019.7068493150684,88.42105263157895
2019.7260273972602,80.0
2019.7452054794521,87.89473684210526
2019.7643835616439,77.36842105263158
2019.7835616438356,74.73684210526315
2019.8027397260273,75.26315789473684
2019.8219178082193,75.78947368421052
2019.841095890411,76.3157894736842
2019.8602739726027,92.10526315789473
2019.8794520547945,91.05263157894736
2019.8986301369864,78.42105263157895
2019.9178082191781,75.78947368421052
2019.9369863013699,80.0
2019.9561643835616,76.3157894736842
2019.9753424657533,81.05263157894737
2019.9945205479453,78.6842105263158
2020.016393442623,96.68421052631578
2020.032786885246,76.05263157894737
2020.051912568306,76.73684210526315
2020.0710382513662,74.3157894736842
2020.0901639344263,77.42105263157895
2020.1092896174864,76.21052631578947
2020.1284153005465,84.0
2020.1475409836066,82.57894736842104
2020.1666666666667,96.36842105263158
2020.1857923497269,91.05263157894736
2020.204918032787,75.89473684210526
2020.224043715847,77.3157894736842
2020.2431693989072,74.57894736842105
2020.2622950819673,73.94736842105263
2020.2841530054645,73.84210526315789
2020.3005464480875,74.68421052631578
2020.3196721311476,87.84210526315789
2020.3387978142077,82.1578947368421
2020.3579234972678,75.05263157894736
2020.377049180328,92.68421052631578
2020.396174863388,78.42105263157895
2020.4180327868853,76.10526315789473
2020.4344262295083,76.84210526315789
2020.4535519125684,79.21052631578947
2020.4726775956285,77.47368421052632
2020.4918032786886,74.84210526315789
2020.5109289617487,95.52631578947367
2020.5300546448088,141.68421052631578
